date,return,cum,periode,solver
126,-0.003878643239427028,0.996121356760573,1,GreedySharpe
127,-0.023951607767855477,0.9722626487342598,1,GreedySharpe
128,0.008599325503076845,0.9806234517252093,1,GreedySharpe
129,-0.0013468468431338258,0.9793027021249502,1,GreedySharpe
130,0.0037730078317723334,0.9829976188897435,1,GreedySharpe
131,-0.013901806941290252,0.9693321757681902,1,GreedySharpe
132,-0.005329547254344082,0.9641660741322775,1,GreedySharpe
133,0.013155480433007847,0.9768501420546947,1,GreedySharpe
134,0.016406580956977383,0.9928769129931498,1,GreedySharpe
135,0.0029979499377122557,0.9958535082726135,1,GreedySharpe
136,-0.000670409971511975,0.9951858781505023,1,GreedySharpe
137,-0.010227991472307803,0.9850071254754178,1,GreedySharpe
138,0.008638845075344492,0.9935164494305103,1,GreedySharpe
139,0.015103281054582814,1.0085218075986104,1,GreedySharpe
140,-0.022218711541583707,0.9861137524721804,1,GreedySharpe
141,0.007630499843411726,0.9936382933060055,1,GreedySharpe
142,-0.02827362835588265,0.965544533480898,1,GreedySharpe
143,-0.02592775427888878,0.9405101320714809,1,GreedySharpe
144,-0.010175178602757877,0.9309402734999502,1,GreedySharpe
145,0.0034525711008323,0.934154410984837,1,GreedySharpe
146,-0.004147841325744844,0.9302796867143273,1,GreedySharpe
147,-0.0059578344680607295,0.9247372343318839,1,GreedySharpe
148,0.00953031370017626,0.9335502702653002,1,GreedySharpe
149,-0.0003933338950360621,0.9331830733012848,1,GreedySharpe
150,0.0030669114546418553,0.9360450631580703,1,GreedySharpe
151,0.0007850226901444969,0.9367798797716471,1,GreedySharpe
152,-0.010851710918149422,0.9266142153224265,1,GreedySharpe
153,-0.007392856094735419,0.9197638897732117,1,GreedySharpe
154,0.004252313222417409,0.9236750139231964,1,GreedySharpe
155,-0.017719197787036862,0.9073082336605472,1,GreedySharpe
156,-0.009911555135440883,0.8983153980777813,1,GreedySharpe
157,-0.0007566504343482017,0.897635687341644,1,GreedySharpe
158,-0.015090158946266889,0.884090222143817,1,GreedySharpe
159,0.0032320760506094662,0.8869476689773861,1,GreedySharpe
160,0.012888450286311068,0.8983790499155607,1,GreedySharpe
161,0.0023075512662698488,0.9004521056297836,1,GreedySharpe
162,-0.0401018309016095,0.8643423275548199,1,GreedySharpe
163,-0.000541750318218934,0.863874069823817,1,GreedySharpe
164,0.005572911028427325,0.8686883631547104,1,GreedySharpe
165,-0.01533872868240376,0.855363788042719,1,GreedySharpe
166,-0.0024889175671864274,0.8532348580843243,1,GreedySharpe
167,0.003945441815965912,0.8566012465722499,1,GreedySharpe
168,0.0043263843824289635,0.8603072328273893,1,GreedySharpe
169,-0.012383347269371759,0.8496537496049354,1,GreedySharpe
170,-0.006296874274269998,0.8443035867670111,1,GreedySharpe
171,0.008377858804820282,0.8513770430053484,1,GreedySharpe
172,0.006105172399036585,0.8565748466294781,1,GreedySharpe
173,-0.008311313072162561,0.8494555849094009,1,GreedySharpe
174,0.0032936148920387444,0.852253364473984,1,GreedySharpe
175,0.0067304419796236446,0.8579894062955152,1,GreedySharpe
176,-0.0020011830192330003,0.8562724124649548,1,GreedySharpe
177,0.0036826471358105137,0.8594257616121923,1,GreedySharpe
178,-0.011618061338823147,0.8494409003976171,1,GreedySharpe
179,-0.018138989330374534,0.834032900968521,1,GreedySharpe
180,-0.009151732085726566,0.8264000553081757,1,GreedySharpe
181,-0.015636918447653147,0.8134777050381857,1,GreedySharpe
182,0.001273600275909056,0.8145137504677682,1,GreedySharpe
183,-0.011579172060714045,0.8050823556052844,1,GreedySharpe
184,0.004967911640197398,0.8090819336110135,1,GreedySharpe
185,0.0011861367699143785,0.810041615442343,1,GreedySharpe
186,-0.0026007668037121056,0.8079348860992752,1,GreedySharpe
187,0.009929872238779891,0.8159575762954943,1,GreedySharpe
188,-0.006356640516048533,0.8107708273066375,1,GreedySharpe
189,0.002922872859691681,0.8131406073532019,1,GreedySharpe
190,0.008773334310657343,0.8202745617430824,1,GreedySharpe
191,-0.01065833528416881,0.81153180043895,1,GreedySharpe
192,0.0031109340089515943,0.8140564223162813,1,GreedySharpe
193,0.011380333988850643,0.8233206562880095,1,GreedySharpe
194,0.025102401086421287,0.8439879816248869,1,GreedySharpe
195,-0.010103513790970148,0.8354607374131268,1,GreedySharpe
196,0.010127346965922011,0.8439217381773145,1,GreedySharpe
197,0.004294219164661702,0.8475457230788702,1,GreedySharpe
198,0.015562823461674221,0.8607359275428438,1,GreedySharpe
199,2.2954579441138677e-06,0.8607379033259664,1,GreedySharpe
200,0.011446021504169707,0.8705899278768894,1,GreedySharpe
201,-0.009661314176126192,0.8621788850650998,1,GreedySharpe
202,-0.020657997983521123,0.8443679953959905,1,GreedySharpe
203,0.0005645406695892353,0.8448446754694912,1,GreedySharpe
204,0.005602399529513948,0.8495778328818538,1,GreedySharpe
205,-0.004291930717817803,0.8459315036837312,1,GreedySharpe
206,0.03030255654629125,0.8715653909083967,1,GreedySharpe
207,0.008411362522557954,0.8788964433734421,1,GreedySharpe
208,0.003206054253277938,0.8817142330539104,1,GreedySharpe
209,0.001492184319320566,0.8830299132065952,1,GreedySharpe
210,5.73730011293156e-05,0.8830805752828028,1,GreedySharpe
211,-0.008559020022109244,0.8755222709578215,1,GreedySharpe
212,0.011774127318117146,0.885830781645926,1,GreedySharpe
213,0.0005790320289294053,0.8863437060407106,1,GreedySharpe
214,-0.004848030458087236,0.8820466847574913,1,GreedySharpe
215,-1.6385204403155087e-05,0.8820322322422683,1,GreedySharpe
216,0.0047439799738227635,0.8862165754882918,1,GreedySharpe
217,-0.009372123789302304,0.8779108440386839,1,GreedySharpe
218,0.010327406527870417,0.8869773862202973,1,GreedySharpe
219,0.0011809165548765353,0.888024832499486,1,GreedySharpe
220,0.0041869282957173485,0.8917429287979779,1,GreedySharpe
221,0.02710643474091994,0.9159149003031172,1,GreedySharpe
222,0.000668066794431144,0.9165267926345344,1,GreedySharpe
223,-0.00016412270178198433,0.9163763697810716,1,GreedySharpe
224,0.0012868743321568054,0.9175556310099379,1,GreedySharpe
225,0.008307267251221807,0.9251780108546009,1,GreedySharpe
226,0.003182267676044893,0.9281221749331311,1,GreedySharpe
227,0.01026051497594902,0.9376451864085428,1,GreedySharpe
228,-0.006003288689506578,0.9320162316662061,1,GreedySharpe
229,-0.0017897757252891134,0.9303481316391944,1,GreedySharpe
230,-0.007867238644747115,0.9230288608648942,1,GreedySharpe
231,-0.006635104570665701,0.9169044678513132,1,GreedySharpe
232,0.00345158286095856,0.920069239597685,1,GreedySharpe
233,0.0028410266051416876,0.9226831807859546,1,GreedySharpe
234,-0.007101026771145341,0.916131182817908,1,GreedySharpe
235,0.01930480124666126,0.9338169132180764,1,GreedySharpe
236,-0.005769467595208098,0.9284292867974074,1,GreedySharpe
237,0.02546870317418104,0.9520751767210673,1,GreedySharpe
238,-0.009064272766319537,0.9434453076252257,1,GreedySharpe
239,0.0057634878808050325,0.9488828432219261,1,GreedySharpe
240,-0.01749520343023073,0.9322819448483027,1,GreedySharpe
241,0.00918522993776904,0.940845168878565,1,GreedySharpe
242,-0.005846375016856332,0.9353446351885033,1,GreedySharpe
243,0.002626655397258946,0.9378014632228183,1,GreedySharpe
244,0.0025550132861343923,0.940197558421109,1,GreedySharpe
245,0.006133112801447331,0.9459638961025509,1,GreedySharpe
246,-0.007381343042977646,0.9389814120791463,1,GreedySharpe
247,-0.017174052327040053,0.9228552961739811,1,GreedySharpe
248,0.02259240887935592,0.9437048203616227,1,GreedySharpe
249,0.008319367673476843,0.9515558477374434,1,GreedySharpe
250,0.01665693116548333,0.9674058479933192,1,GreedySharpe
251,-0.008072772108111683,0.9595962010464146,1,GreedySharpe
252,0.004295938569335777,0.963718567377478,1,GreedySharpe
253,0.01056466191984938,0.9738999282277027,1,GreedySharpe
254,0.0018979013936164387,0.975748294258729,1,GreedySharpe
255,0.006105102277438982,0.9817053373922152,1,GreedySharpe
256,0.005113278836880128,0.9867250705179551,1,GreedySharpe
257,0.0055308731891587845,0.9921825217555537,1,GreedySharpe
258,0.003309760232782524,0.9954664080097221,1,GreedySharpe
259,0.021721875836246993,1.017089805723664,1,GreedySharpe
260,-0.000993990327736197,1.0160788282943356,1,GreedySharpe
261,-0.016660067340747965,0.9991508865914437,1,GreedySharpe
262,-0.013800192040576075,0.9853624124789699,1,GreedySharpe
263,0.011849161063274874,0.9970381304101305,1,GreedySharpe
264,-0.012205390092179899,0.9848688910916971,1,GreedySharpe
265,-0.009702704143882447,0.9753129996209208,1,GreedySharpe
266,-0.019060656690094994,0.9567228933697596,1,GreedySharpe
267,0.007709561768188737,0.964098807611234,1,GreedySharpe
268,0.02253236100894561,0.9858222299926244,1,GreedySharpe
269,0.017977838141891772,1.0035451824801107,1,GreedySharpe
270,-0.008731396532348702,0.9947828315537487,1,GreedySharpe
271,-0.0016830611278558158,0.9931085512393023,1,GreedySharpe
272,-0.022809501600846382,0.9704562401499952,1,GreedySharpe
273,-0.005309099648747157,0.9653039912662904,1,GreedySharpe
274,-0.00033612008873905655,0.9649795332030858,1,GreedySharpe
275,0.023521487560089264,0.987677287289063,1,GreedySharpe
276,-0.004635668480185317,0.9830987428197823,1,GreedySharpe
277,0.002713325229110562,0.985766209441382,1,GreedySharpe
278,-0.003985682568263009,0.9818372582440288,1,GreedySharpe
279,-0.005930721570293813,0.9760142548380427,1,GreedySharpe
280,-0.019969061999349412,0.956524165670933,1,GreedySharpe
281,-0.011182012719698244,0.9458283002837019,1,GreedySharpe
282,0.007103351895028871,0.9525468515328942,1,GreedySharpe
283,0.0023161803821323736,0.9547531218634766,1,GreedySharpe
284,0.0105023655951432,0.9647802882023913,1,GreedySharpe
285,0.02541645851357546,0.9893015863722027,1,GreedySharpe
286,-0.006535656945341806,0.9828358505881915,1,GreedySharpe
287,0.018430324890854943,1.0009498346289116,1,GreedySharpe
288,0.016383945255782465,1.0173493419232564,1,GreedySharpe
289,-0.02952259498239392,0.9873145493460511,1,GreedySharpe
290,-0.003414939653179688,0.983942929741328,1,GreedySharpe
291,-0.002551860107152568,0.9814320450312063,1,GreedySharpe
292,0.022178747326221375,1.0031989783758102,1,GreedySharpe
293,0.00031216527565825934,1.003512142261435,1,GreedySharpe
294,0.004130987891287821,1.0076576387698775,1,GreedySharpe
295,-0.004829424994519009,1.0027912317832843,1,GreedySharpe
296,-0.02150382275785718,0.9812273868718833,1,GreedySharpe
297,0.013394661865906102,0.9943705959325989,1,GreedySharpe
298,0.0008807470354326302,0.9952463848870879,1,GreedySharpe
299,-0.017122100263046062,0.9782056764986171,1,GreedySharpe
300,0.01761730936521602,0.9954390285243038,1,GreedySharpe
301,-0.008075929505162432,0.9873999331032541,1,GreedySharpe
302,-0.002035271993923248,0.9853903056726073,1,GreedySharpe
303,0.008118977695631345,0.9933906675858546,1,GreedySharpe
304,-0.01122953487064738,0.9822353524440236,1,GreedySharpe
305,-0.006069993145970376,0.9762731905869586,1,GreedySharpe
306,-0.012050176679356362,0.9645089261530668,1,GreedySharpe
307,0.017644355849710282,0.9815270648663336,1,GreedySharpe
308,0.005799421015389055,0.9872193535534926,1,GreedySharpe
309,-0.007481090510423822,0.9798338762159168,1,GreedySharpe
310,0.0014801207212907187,0.9812841486395265,1,GreedySharpe
311,-0.005063245719533104,0.9763156658742818,1,GreedySharpe
312,0.01601359065918788,0.9919499853017449,1,GreedySharpe
313,0.010617729517453241,1.0024822419405206,1,GreedySharpe
314,-0.009703953932234772,0.9927542004468464,1,GreedySharpe
315,-0.005518766134089314,0.9872754221859454,1,GreedySharpe
316,0.007047644176004496,0.9942333880652267,1,GreedySharpe
317,0.0005849721146054688,0.9948149868726545,1,GreedySharpe
318,0.025562633361851918,1.0202450776449556,1,GreedySharpe
319,0.009181837825444359,1.0296128024900997,1,GreedySharpe
320,0.002580182250673507,1.0322693911681509,1,GreedySharpe
321,-0.001451284514587291,1.0307712745858661,1,GreedySharpe
322,-0.006833646766469668,1.0237273477983226,1,GreedySharpe
323,0.020630541999594083,1.044847397843209,1,GreedySharpe
324,-0.010283685459237893,1.034102515850886,1,GreedySharpe
325,0.004546664742386929,1.038804233299719,1,GreedySharpe
326,-0.0032070489261560122,1.0354727372988288,1,GreedySharpe
327,-0.003132793546832521,1.032228814989498,1,GreedySharpe
328,0.01997880030633687,1.05285150835462,1,GreedySharpe
329,0.017487770622409606,1.0712635340321837,1,GreedySharpe
330,-0.003514064575627542,1.0674990447960797,1,GreedySharpe
331,-0.0012852064646683117,1.0661270881226805,1,GreedySharpe
332,0.0007049776003573045,1.0668786838389412,1,GreedySharpe
333,0.015975875326239935,1.083923004680175,1,GreedySharpe
334,-0.0018086749736100725,1.08196254026829,1,GreedySharpe
335,0.018918532656021503,1.1024316839189476,1,GreedySharpe
336,-0.002909455130626504,1.0992242084000046,1,GreedySharpe
337,-0.013415786983703847,1.0844772505727795,1,GreedySharpe
338,-0.014603719931853078,1.0686398485329487,1,GreedySharpe
339,-0.010573562333409347,1.0573405184825204,1,GreedySharpe
340,-0.022079988509611813,1.0339944519836795,1,GreedySharpe
341,-0.02157996258483559,1.011680890396944,1,GreedySharpe
342,0.019886110214661742,1.0317992880854447,1,GreedySharpe
343,-0.018589490667849564,1.0126186648484865,1,GreedySharpe
344,0.011355247800089657,1.024117200714837,1,GreedySharpe
345,0.0022234600284674697,1.0263942843750924,1,GreedySharpe
346,-0.0016336153761318058,1.0247175508901634,1,GreedySharpe
347,-0.001114302166430645,1.0235757059032269,1,GreedySharpe
348,-0.019456750807249172,1.0036602484611137,1,GreedySharpe
349,-0.01456754164291528,0.9890393859963177,1,GreedySharpe
350,0.02692611805559586,1.0156703772652886,1,GreedySharpe
351,-0.021487906319611255,0.9938457473470078,1,GreedySharpe
352,0.0038954332953040505,0.9977172071616197,1,GreedySharpe
353,0.01789119189832284,1.015567557175207,1,GreedySharpe
354,-0.01803423994110302,0.9972525681727095,1,GreedySharpe
355,-0.01508101333507462,0.9822129888936594,1,GreedySharpe
356,0.025900734119389826,1.0076530263676051,1,GreedySharpe
357,0.010040436904394462,1.0177703030003713,1,GreedySharpe
358,-0.011171165036210483,1.0064006229766003,1,GreedySharpe
359,-0.014099854782292308,0.9922105203398217,1,GreedySharpe
360,-0.012679421340020435,0.9796298650944322,1,GreedySharpe
361,0.009131951922865877,0.9885757979246781,1,GreedySharpe
362,-0.004462228519187739,0.9841645468057998,1,GreedySharpe
363,-0.0035594780038535273,0.9806614347492721,1,GreedySharpe
364,-0.0018864464529592488,0.9788114694641354,1,GreedySharpe
365,0.01535558562516831,0.9938416927943888,1,GreedySharpe
366,0.005993332136336462,0.9997981161502446,1,GreedySharpe
367,0.02644328303360228,1.026236060712068,1,GreedySharpe
368,-0.014673213765063232,1.0111778796198234,1,GreedySharpe
369,-0.0018692837122330226,1.0092877012792798,1,GreedySharpe
370,-0.005576826407025925,1.003659078974499,1,GreedySharpe
371,0.0004420883135950813,1.0041027849241473,1,GreedySharpe
372,0.011542207965250968,1.0156923480862294,1,GreedySharpe
373,-0.015279479437192085,1.0001730977391325,1,GreedySharpe
374,0.009636228075170106,1.0098109938235962,1,GreedySharpe
375,-0.010563493373276937,0.9991438620820785,1,GreedySharpe
376,-0.007424780226641749,0.991725438491321,1,GreedySharpe
377,-0.0030964164797410245,0.988654643500198,1,GreedySharpe
378,-0.014607003964957649,0.9742133612026169,1,GreedySharpe
379,-0.005998949670964434,0.9683691042799812,1,GreedySharpe
380,0.004524659238165656,0.9727506444936158,1,GreedySharpe
381,-0.0013924691907574772,0.9713961191908689,1,GreedySharpe
382,0.010723731191886285,0.9818131100539131,1,GreedySharpe
383,-0.01073169670171053,0.9712765895390515,1,GreedySharpe
384,-0.008226782687872651,0.9632861081070956,1,GreedySharpe
385,-0.0003158684845244832,0.9629818363839643,1,GreedySharpe
386,-0.01631565415416933,0.9472701577847766,1,GreedySharpe
387,0.018546330654267328,0.964838543349973,1,GreedySharpe
388,-0.013015070057762037,0.952281102113844,1,GreedySharpe
389,-0.020531968815057932,0.9327288962220736,1,GreedySharpe
390,0.005390041086722417,0.9377563432954839,1,GreedySharpe
391,-0.01785130849110752,0.9210161655218233,1,GreedySharpe
392,0.010962145591554234,0.9311124788204486,1,GreedySharpe
393,0.0011763814091294178,0.9322078222303414,1,GreedySharpe
394,-0.008962651522941283,0.9238527683727308,1,GreedySharpe
395,-0.02145612141741696,0.9040304712027087,1,GreedySharpe
396,-0.004317954203351557,0.9001269090296211,1,GreedySharpe
397,0.0007032406933056943,0.9007599149011901,1,GreedySharpe
398,0.03784222728338406,0.9348466763286426,1,GreedySharpe
399,-0.0029630321150363225,0.9320766956040458,1,GreedySharpe
400,0.00023818926493210797,0.9322987062670322,1,GreedySharpe
401,-0.022499033899598227,0.9113228860701786,1,GreedySharpe
402,0.01629990076169389,0.9261773586749831,1,GreedySharpe
403,-0.0013243824227625446,0.9249507456607933,1,GreedySharpe
404,-0.0009445661346645007,0.9240770685102093,1,GreedySharpe
405,0.01172254100924976,0.9349095998415277,1,GreedySharpe
406,-0.019858639531984763,0.9163435671032827,1,GreedySharpe
407,0.015691430786004882,0.9307223087626848,1,GreedySharpe
408,0.015293363148290764,0.9449561830208082,1,GreedySharpe
409,-0.020923400150583638,0.9251844866786957,1,GreedySharpe
410,0.031741862581798626,0.9545515655176627,1,GreedySharpe
411,0.03333865749012169,0.9863750332171156,1,GreedySharpe
412,-0.007555210939329934,0.9789227617758717,1,GreedySharpe
413,0.006708366874992171,0.9854897348041447,1,GreedySharpe
414,0.017219550200575355,1.0024594247647565,1,GreedySharpe
415,0.009269299837064201,1.011751521747392,1,GreedySharpe
416,-0.006845348775047396,1.0048257297073462,1,GreedySharpe
417,-0.030480110163243878,0.9741985307710043,1,GreedySharpe
418,0.0063272277343224695,0.9803625067336348,1,GreedySharpe
419,-0.008241004333808297,0.9722833350669398,1,GreedySharpe
126,-0.007647541977769323,0.9923524580222307,1,GA
127,-0.022965998303042412,0.9695620931552722,1,GA
128,0.009598996378359438,0.9788689161760642,1,GA
129,-0.00540002013213872,0.9735830043219886,1,GA
130,-0.004074810448926911,0.9696158381230797,1,GA
131,-0.014511759488018021,0.9555450062844646,1,GA
132,-0.004348268271548175,0.9513900402516016,1,GA
133,0.012407920269740804,0.9631948120164691,1,GA
134,0.015272132842442502,0.977904851138736,1,GA
135,0.0026930276537324117,0.9805383759455718,1,GA
136,-9.919203613988244e-05,0.9804411143475485,1,GA
137,-0.00523118361902627,0.9753122468507538,1,GA
138,0.009511873607852318,0.9845892936709887,1,GA
139,0.014036173885767302,0.9984091602030195,1,GA
140,-0.018750320961993888,0.9796886679978181,1,GA
141,0.007785635098366755,0.987316166476854,1,GA
142,-0.026764923310066593,0.9608907249983121,1,GA
143,-0.020566074478770433,0.941128974782037,1,GA
144,-0.012315849027719594,0.9295381724130091,1,GA
145,0.005437297183154215,0.9345923476995046,1,GA
146,-0.005712049361827921,0.9292539100762585,1,GA
147,-0.006288805065579357,0.9234100133793615,1,GA
148,0.010122532387167071,0.9327572611464283,1,GA
149,-0.003963446788875184,0.9290603273749375,1,GA
150,0.0007576108274914006,0.9297641935383494,1,GA
151,0.0005930908070446925,0.9303156281342563,1,GA
152,-0.013404641857352163,0.917845080324819,1,GA
153,-0.005890376354802091,0.9124386273663023,1,GA
154,0.005913557148172293,0.9178343853334329,1,GA
155,-0.02170047221710472,0.8979169457546013,1,GA
156,-0.003678437709134172,0.8946140142016671,1,GA
157,-0.0015178891070548413,0.8932560893344917,1,GA
158,-0.019387299776269094,0.8759382657535861,1,GA
159,0.0037519548269850057,0.8792247465579213,1,GA
160,0.015344317891579265,0.8927158505672492,1,GA
161,0.000739155339761521,0.8933757062550858,1,GA
162,-0.04032932984197989,0.8573464627247127,1,GA
163,0.0009265217095279239,0.8581408128350142,1,GA
164,0.008636317174956566,0.8655519890754324,1,GA
165,-0.01326316255235017,0.854072032346815,1,GA
166,-0.00012141748010865722,0.8539683330728162,1,GA
167,0.0040312820393497,0.8574109202761061,1,GA
168,0.004481568644312971,0.861253466171707,1,GA
169,-0.012750946333273842,0.8502716694452054,1,GA
170,-0.006973738440007986,0.8443420972195456,1,GA
171,0.008660410680311193,0.8516544465361421,1,GA
172,0.006917071088923782,0.8575454008860306,1,GA
173,-0.008504207890325502,0.8502526565215033,1,GA
174,0.002360135301701948,0.8522593678315256,1,GA
175,0.006862554222721093,0.8581080439550915,1,GA
176,-0.002024655140229996,0.8563706710930252,1,GA
177,0.003182637616791513,0.859096188604763,1,GA
178,-0.011466574445172757,0.8492452982025623,1,GA
179,-0.01791226337733074,0.8340333927491982,1,GA
180,-0.009401185412397425,0.8261924901838321,1,GA
181,-0.015665256175758285,0.8132499731746147,1,GA
182,0.0013491579453662114,0.814347175837492,1,GA
183,-0.011907343811814224,0.8046504640326151,1,GA
184,0.005268710219727593,0.8088899341557723,1,GA
185,0.0011676109609951011,0.8098344029091311,1,GA
186,-0.0022964680265911345,0.8079746440960168,1,GA
187,0.010466019689092184,0.816430922629413,1,GA
188,-0.006032023139491324,0.811506192412316,1,GA
189,-0.008555414914498464,0.8045634202305438,1,GA
190,0.010409216138250564,0.8129382947686536,1,GA
191,-0.011589969240050672,0.8035163649382258,1,GA
192,0.005599087386582794,0.8080153232820643,1,GA
193,0.014778840576226134,0.8199568529279977,1,GA
194,0.019771245247918973,0.836168420959949,1,GA
195,-0.010412897542471032,0.8274614848642433,1,GA
196,0.017612825911957137,0.8420354199460068,1,GA
197,0.0005080901581621703,0.8424632498557054,1,GA
198,0.010712772798313645,0.8514883672423386,1,GA
199,0.0002761970410302618,0.8517235458098427,1,GA
200,0.014846119733521828,0.8643683355507954,1,GA
201,-0.007624434870102595,0.8577780154726095,1,GA
202,-0.02830160576121877,0.833501520248063,1,GA
203,0.004700158039749855,0.8374191091196007,1,GA
204,-0.004024566280920364,0.8340488604100396,1,GA
205,-0.0019166720388082222,0.8324502622802918,1,GA
206,0.029177443817540234,0.8567390330388718,1,GA
207,0.012903961892869844,0.8677943608733396,1,GA
208,0.007204552199561555,0.8740464306447367,1,GA
209,0.0022101544539059595,0.8759782082563468,1,GA
210,-0.0008548544196011009,0.8752293744135445,1,GA
211,-0.00913624210634273,0.8672330669503194,1,GA
212,0.010249205507703557,0.8761215168765693,1,GA
213,0.0010871335778452084,0.8770739779958385,1,GA
214,-0.0034174312435891413,0.8740766379804965,1,GA
215,0.0001665225320060524,0.8742221914354203,1,GA
216,0.005709118179680966,0.8792132292416248,1,GA
217,-0.008152325192882922,0.8720455970829624,1,GA
218,0.010777727420941883,0.8814442668269551,1,GA
219,0.0001438490208731881,0.8815710617216924,1,GA
220,0.004783063110882749,0.8857876717466352,1,GA
221,0.025816826249143755,0.9086558981617517,1,GA
222,5.0528502804214484e-05,0.9087018111838502,1,GA
223,2.113548447078763e-05,0.908721017036869,1,GA
224,-0.0003053920147121595,0.9084435008946649,1,GA
225,0.008622927342167297,0.9162769431973438,1,GA
226,0.003805703267973906,0.919764021354439,1,GA
227,0.009928907361186408,0.9288962731166195,1,GA
228,-0.00472607798140599,0.924506236893233,1,GA
229,-0.0007594635094863966,0.92380410814202,1,GA
230,-0.006634986964235815,0.9176746799269901,1,GA
231,-0.006907983511363791,0.9113353983692585,1,GA
232,0.0030781011775564584,0.9141405809321278,1,GA
233,0.0030657106606136854,0.9169430714563911,1,GA
234,-0.0073782840065337784,0.9101776050573624,1,GA
235,0.019458259087023283,0.9278880767117751,1,GA
236,-0.0056475605378826475,0.9226477726261658,1,GA
237,0.02510558314669811,0.9458113829969479,1,GA
238,-0.008842266658144068,0.9374482665401809,1,GA
239,0.0062441177580193265,0.9433018039085088,1,GA
240,-0.017328531952392198,0.9269557684587311,1,GA
241,0.009761317655954678,0.9360040781676764,1,GA
242,-0.005588760274642158,0.9307729757587098,1,GA
243,0.002584983036603944,0.9331790081119755,1,GA
244,0.0023148260493569325,0.9353391551886661,1,GA
245,0.006026160735813651,0.9409756592803331,1,GA
246,-0.007915337357378214,0.9335275194920478,1,GA
247,-0.017573297944384607,0.9171223622527318,1,GA
248,0.022155202818104167,0.93744139419746,1,GA
249,0.007442957106408366,0.9444187302842433,1,GA
250,0.01660511512581693,0.960100912027591,1,GA
251,-0.008409608802160132,0.9520268389468418,1,GA
252,0.004352968058428517,0.956170981367544,1,GA
253,0.01056466191984938,0.9662726045232627,1,GA
254,0.0018979013936164387,0.9681064946460007,1,GA
255,0.006105102277438982,0.9740168838112675,1,GA
256,0.005113278836880128,0.9789973037300236,1,GA
257,0.0055308731891587845,0.9844120136694827,1,GA
258,0.003309760232782524,0.9876701814049993,1,GA
259,0.021721875836246993,1.0091242304526422,1,GA
260,-0.000993990327736197,1.0081211707280882,1,GA
261,-0.016660067340747965,0.9913258041361245,1,GA
262,-0.013800192040576075,0.9776453176642675,1,GA
263,0.011849161063274874,0.989229594496028,1,GA
264,-0.012205390092179899,0.977155661404475,1,GA
265,-0.009702704143882447,0.9676746091193476,1,GA
266,-0.019060656690094994,0.9492300956072017,1,GA
267,0.007709561768188737,0.9565482436615093,1,GA
268,0.02253236100894561,0.9781015340101633,1,GA
269,0.017977838141891772,0.9956856850749342,1,GA
270,-0.008731396532348702,0.9869919585369616,1,GA
271,-0.0016830611278558158,0.9853307907380419,1,GA
272,-0.022809501600846382,0.9628558864893393,1,GA
273,-0.004610665404134965,0.9584164801643351,1,GA
274,-0.0008330718165208268,0.9576180504062212,1,GA
275,0.02300654788507671,0.9796495359385057,1,GA
276,-0.00409938049797861,0.9756335797360255,1,GA
277,0.0010690797055558495,0.9766766097961801,1,GA
278,-0.003771350216983686,0.9729932202519024,1,GA
279,-0.004372821215797498,0.9687384948555577,1,GA
280,-0.02030869748289796,0.9490646778234982,1,GA
281,-0.010609621638235915,0.9389954606815767,1,GA
282,0.007119142046055669,0.9456803027467703,1,GA
283,0.001745588947193416,0.9473310718308235,1,GA
284,0.010001689731844643,0.9568059832846113,1,GA
285,0.025093913207419747,0.9808159895854952,1,GA
286,-0.007297644020915112,0.9736583436434787,1,GA
287,0.018101580507521562,0.9912830985377612,1,GA
288,0.016953235899857373,1.0080885547508134,1,GA
289,-0.029964798424320614,0.9778813844138405,1,GA
290,-0.003858910883807979,0.9741078272964527,1,GA
291,-0.0023309434443357343,0.9718372370423399,1,GA
292,0.02170882307801135,0.9929346796819155,1,GA
293,0.001439772568369969,0.9943642797959047,1,GA
294,-0.0030147601230036992,0.9913665100174367,1,GA
295,-0.004527622936228126,0.9868779762684733,1,GA
296,-0.010569048052751242,0.9764476155150899,1,GA
297,0.009639557595232112,0.9858601385435747,1,GA
298,0.0013077765307389464,0.987149423295353,1,GA
299,-0.019430372736843553,0.9679687420537642,1,GA
300,0.015153315309694819,0.9826366776120334,1,GA
301,-0.011292493382932693,0.9715402594322726,1,GA
302,-0.003166824836180306,0.9684635616093534,1,GA
303,0.015735773775855832,0.9837030851249979,1,GA
304,-0.014210857921083696,0.9697238203457549,1,GA
305,-0.005523283849033857,0.9643677604308157,1,GA
306,-0.008824380447293282,0.95585781242167,1,GA
307,0.01670129321881309,0.9718218740224176,1,GA
308,0.004465746239285393,0.9761617839015885,1,GA
309,-0.005349518534247038,0.9709397883461833,1,GA
310,0.0034217117587425727,0.9742620644369985,1,GA
311,-0.0026193243426996106,0.9717101560954499,1,GA
312,0.018537804611145098,0.9897235291078126,1,GA
313,0.005920328260285457,0.9955830172870591,1,GA
314,-0.011697012108352254,0.9839376706789825,1,GA
315,-0.005059692772115518,0.978959248358436,1,GA
316,0.0070476441760045,0.985858604803675,1,GA
317,0.000584972114605467,0.986435304596429,1,GA
318,0.02556263336185192,1.0116511886230142,1,GA
319,0.00918183782544436,1.0209400057728688,1,GA
320,0.002580182250673507,1.0235742170547664,1,GA
321,-0.001451284514587291,1.022088719644024,1,GA
322,-0.0068336467664696695,1.0151041263699836,1,GA
323,0.020630541999594083,1.0360462746830208,1,GA
324,-0.010283685459237892,1.0253919006729655,1,GA
325,0.004546664742386929,1.0300540138748844,1,GA
326,-0.0032070489261560122,1.0267505802558043,1,GA
327,-0.0031327935468325203,1.0235339826637724,1,GA
328,0.019978800306336874,1.0439829637101614,1,GA
329,0.017487770622409606,1.0622398983132282,1,GA
330,-0.003514064575627544,1.0585071187157475,1,GA
331,-0.0012852064646683113,1.0571467185238765,1,GA
332,0.0007049776003573032,1.0578919832807272,1,GA
333,0.01597587532623994,1.0747927337142489,1,GA
334,-0.0018086749736100725,1.072848782994962,1,GA
335,0.018918532656021503,1.093145507731025,1,GA
336,-0.002909455130626501,1.0899650499250357,1,GA
337,-0.013415786983703847,1.0753423109955593,1,GA
338,-0.014603719931853078,1.0596383130549085,1,GA
339,-0.010573562333409347,1.0484341613009538,1,GA
340,-0.02207998850961181,1.0252847470663442,1,GA
341,-0.02157996258483559,1.0031591405858498,1,GA
342,0.019886110214661745,1.0231080738183853,1,GA
343,-0.018589490667849564,1.004089015827937,1,GA
344,0.01135524780008966,1.0154906954160112,1,GA
345,0.0022234600284674663,1.0177485983865493,1,GA
346,-0.0016336153761318077,1.0160859886271885,1,GA
347,-0.0011143021664306463,1.0149537618087814,1,GA
348,-0.019456750807249172,0.9952060593843878,1,GA
349,-0.014567541642915276,0.980708353671024,1,GA
350,0.026926118055595864,1.0071150225800791,1,GA
351,-0.021487906319611255,0.9854742293218052,1,GA
352,0.0038954332953040497,0.9893130784463694,1,GA
353,0.017891191898322844,1.007013068580374,1,GA
354,-0.018034239941103022,0.9888523532777691,1,GA
355,-0.015081013335074622,0.9739394577515672,1,GA
356,0.025900734119389826,0.9991652046951732,1,GA
357,0.012657413792666586,1.0118120521382343,1,GA
358,-0.006988381340108707,1.0047411236733743,1,GA
359,-0.015631535454070773,0.989035477176511,1,GA
360,-0.01016112076979826,0.9789857682473054,1,GA
361,0.011585855970691764,0.9903281563555758,1,GA
362,-0.005955076381250174,0.9844306765419757,1,GA
363,-0.008037898136463363,0.9765179230415215,1,GA
364,-0.009359466956681438,0.9673782358082073,1,GA
365,0.020413290511017354,0.9871256087697955,1,GA
366,0.001534949715797734,0.9886407969424333,1,GA
367,0.032727799839777603,1.0209968350582037,1,GA
368,-0.02259484644003461,0.9979275683543022,1,GA
369,0.0003921642263285676,0.9983189198470778,1,GA
370,-0.011142736002939812,0.9871949156764818,1,GA
371,0.0012276203152109869,0.9884068162100393,1,GA
372,0.012418865623337147,1.0006817076417422,1,GA
373,-0.02242561407980942,0.978240805849444,1,GA
374,0.013088240818059073,0.9910442570944537,1,GA
375,-0.014937257752283084,0.976240773582314,1,GA
376,-0.009809505154634171,0.9666643346816942,1,GA
377,-0.009832783669188166,0.9571593333980494,1,GA
378,-0.014787784246721213,0.9430050676860235,1,GA
379,-0.004820591929147454,0.9384592250675912,1,GA
380,0.004228878433239066,0.9424278550449539,1,GA
381,0.0011643532023595583,0.9435251739359682,1,GA
382,0.011569732660992276,0.9544415079573236,1,GA
383,-0.010689744924913652,0.9442387716915098,1,GA
384,-0.008352165908836862,0.9363523328127861,1,GA
385,0.0008195588510776421,0.9371197286548699,1,GA
386,-0.01592710337841897,0.9221941258586279,1,GA
387,0.01880355119063037,0.9395346503119093,1,GA
388,-0.014508797838379963,0.9259031320083808,1,GA
389,-0.01927532828200613,0.9080560451815816,1,GA
390,0.0048455741750001,0.9124560981035662,1,GA
391,-0.019864340415232426,0.8943307595568822,1,GA
392,0.010735559986411613,0.9039319010737982,1,GA
393,0.002209710311960514,0.905929328716911,1,GA
394,-0.006992587140141923,0.8995945389430478,1,GA
395,-0.022177809571706952,0.8796435025666214,1,GA
396,-0.003870922729226552,0.8762384705389198,1,GA
397,-2.8657210742679892e-05,0.8762133599884088,1,GA
398,0.03839732907306231,0.9098576127100974,1,GA
399,-0.004911027108984877,0.9053892773087618,1,GA
400,-0.0012584262283404715,0.9042499116953383,1,GA
401,-0.029880553380201944,0.8772304239398829,1,GA
402,0.017373043207677092,0.8924705859980794,1,GA
403,0.000793538828217615,0.8931787960611111,1,GA
404,-0.0010246393908443204,0.8922636098836,1,GA
405,0.017434527278842954,0.9078198041300345,1,GA
406,-0.019076946106969035,0.8905013746518066,1,GA
407,0.021340824949903404,0.9095054086058991,1,GA
408,0.014903233947939902,0.9230599804872694,1,GA
409,-0.020181861992759537,0.9044309113500361,1,GA
410,0.03275949652685325,0.9340596126491862,1,GA
411,0.035203690597917725,0.966941958252899,1,GA
412,-0.008042427845683762,0.9591653973226859,1,GA
413,0.01115414180374226,0.9698640641776659,1,GA
414,0.019117410707695716,0.9884053538231853,1,GA
415,0.012128399068883244,1.0003931283961736,1,GA
416,-0.0046585214509089045,0.9957327755481981,1,GA
417,-0.033479116000913786,0.9623965224497081,1,GA
418,0.005842540525615273,0.9680193631338317,1,GA
419,-0.006965420929041913,0.9612767008021414,1,GA
546,-0.005320063092493824,0.9946799369075062,2,GreedySharpe
547,0.001996178666167117,0.9966654957772254,2,GreedySharpe
548,-0.0056415900635465276,0.991042717619569,2,GreedySharpe
549,0.001538768065772661,0.9925677025052584,2,GreedySharpe
550,0.01497666728818371,1.0074330587466764,2,GreedySharpe
551,0.0011088381859868952,1.0085501389920404,2,GreedySharpe
552,-0.004950365289858893,1.0035574473908917,2,GreedySharpe
553,-0.008846238042886506,0.9946797393215603,2,GreedySharpe
554,-0.005012474457964701,0.989693932534356,2,GreedySharpe
555,-0.010441073034709591,0.9793604659027559,2,GreedySharpe
556,-0.008529544272802662,0.9710069674498057,2,GreedySharpe
557,-0.00867214531257026,0.9625862539285629,2,GreedySharpe
558,0.010710740903874345,0.9728962658920226,2,GreedySharpe
559,0.011917086851772599,0.984490355190423,2,GreedySharpe
560,-0.020821917823239555,0.9639913779168761,2,GreedySharpe
561,-0.008912066552745422,0.9554002226006081,2,GreedySharpe
562,-0.011419289873837597,0.9444902305132028,2,GreedySharpe
563,-0.012848473034549442,0.9323549732550586,2,GreedySharpe
564,-0.013602672485524724,0.9196724539136198,2,GreedySharpe
565,0.011286820253395736,0.9300526315929423,2,GreedySharpe
566,-0.00827789312652345,0.9223537553065739,2,GreedySharpe
567,0.008865340824079616,0.9305307357077364,2,GreedySharpe
568,-0.011835556805911425,0.9195173863256209,2,GreedySharpe
569,0.007284334236663295,0.9262154583040397,2,GreedySharpe
570,0.0155810896164264,0.9406469043639943,2,GreedySharpe
571,0.0030219973696694142,0.9434895368347701,2,GreedySharpe
572,-0.0053784010674519725,0.9384150717027282,2,GreedySharpe
573,0.012141168316297999,0.9498085270388218,2,GreedySharpe
574,-0.009760432995319031,0.9405379845522767,2,GreedySharpe
575,0.0007770226334288732,0.9412688038538735,2,GreedySharpe
576,-0.004143777656435341,0.9373683952157641,2,GreedySharpe
577,-0.016761799994525463,0.9216564136539682,2,GreedySharpe
578,0.010114866178156934,0.9309788449403181,2,GreedySharpe
579,0.013216338683144917,0.9432829766618925,2,GreedySharpe
580,-0.004161003296685034,0.9393579730862955,2,GreedySharpe
581,0.024689191258873058,0.9625499617443705,2,GreedySharpe
582,0.004523747171436752,0.9669042944111781,2,GreedySharpe
583,0.014940432545731068,0.9813502628000059,2,GreedySharpe
584,-0.019928947112268343,0.961792985314054,2,GreedySharpe
585,-0.017147238934839173,0.9453008911890216,2,GreedySharpe
586,0.0027718424410081073,0.9479211163187422,2,GreedySharpe
587,0.01723438808111916,0.9642579567076671,2,GreedySharpe
588,0.0029831329939157066,0.9671344664329674,2,GreedySharpe
589,-0.002607613740824924,0.9646125533090714,2,GreedySharpe
590,-0.011690186479077224,0.9533360526808294,2,GreedySharpe
591,-0.00590715942887044,0.9477045446283537,2,GreedySharpe
592,0.0030700518952136214,0.9506140467616926,2,GreedySharpe
593,0.01909610436877625,0.9687670718130786,2,GreedySharpe
594,-0.0021142150817816674,0.9667188898591179,2,GreedySharpe
595,-0.004960168550817636,0.9619238012241574,2,GreedySharpe
596,1.91758069859934e-05,0.9619422468893051,2,GreedySharpe
597,-0.016897661007600984,0.9456876728924796,2,GreedySharpe
598,-0.016126719175560147,0.9304368333639536,2,GreedySharpe
599,-0.007747044201328333,0.923228698089339,2,GreedySharpe
600,-0.0021218045363803335,0.9212697872496166,2,GreedySharpe
601,-0.0008786641159811786,0.9204603005464228,2,GreedySharpe
602,0.0005058342939392984,0.9209259009326488,2,GreedySharpe
603,0.005918044925079301,0.9263759817870374,2,GreedySharpe
604,0.008964570285776803,0.9346805443868228,2,GreedySharpe
605,0.010836933086839048,0.944809614903913,2,GreedySharpe
606,0.0016198911984974932,0.9463401036833516,2,GreedySharpe
607,0.014704818161508934,0.960255862826959,2,GreedySharpe
608,-0.008224609462596648,0.9523581333710385,2,GreedySharpe
609,-0.0008274675386025114,0.9515700879305499,2,GreedySharpe
610,-0.01277635793860311,0.9394124878834811,2,GreedySharpe
611,-0.019236734860603247,0.9213412589293268,2,GreedySharpe
612,-0.017234821887813355,0.9054621064337862,2,GreedySharpe
613,-0.003821239156547743,0.9020021191779112,2,GreedySharpe
614,-0.006650574000800814,0.8960032873354393,2,GreedySharpe
615,0.0056919131823672565,0.9011032602580682,2,GreedySharpe
616,0.008456301860793113,0.9087232614345552,2,GreedySharpe
617,0.023803348087143635,0.9303539175413663,2,GreedySharpe
618,0.014926675847883465,0.9442410088923148,2,GreedySharpe
619,0.006088185403586027,0.9499897232201204,2,GreedySharpe
620,0.019039268596317466,0.9680768327242496,2,GreedySharpe
621,0.014898595866725074,0.9824998182229475,2,GreedySharpe
622,0.005479973489895771,0.9878838911806367,2,GreedySharpe
623,-0.0059925466429637305,0.9819639508849042,2,GreedySharpe
624,0.0231767020665298,1.0047226368146362,2,GreedySharpe
625,0.0024027856428859105,1.0071367699414568,2,GreedySharpe
626,0.00984137102320443,1.0170483765655622,2,GreedySharpe
627,0.0005009395777406432,1.0175578563498608,2,GreedySharpe
628,-0.0010687653603819918,1.0164703257608094,2,GreedySharpe
629,-0.013832095439421106,1.0024104112035463,2,GreedySharpe
630,0.015333177524725485,1.0177805479911632,2,GreedySharpe
631,0.003836838403655115,1.021685607484189,2,GreedySharpe
632,-0.004272331967407221,1.0173206274026945,2,GreedySharpe
633,0.01608905815340709,1.0336883581376368,2,GreedySharpe
634,-0.007431141508603327,1.02600687367252,2,GreedySharpe
635,-0.0050465896770530635,1.020829037975259,2,GreedySharpe
636,0.0024184093977492487,1.0232978205141936,2,GreedySharpe
637,0.017050762900323903,1.0407458290281992,2,GreedySharpe
638,0.024781640942378853,1.0665372184754545,2,GreedySharpe
639,0.006307198674472593,1.0732640806060985,2,GreedySharpe
640,0.01987948164613329,1.0946000141979615,2,GreedySharpe
641,-0.0012200254259194896,1.0932645743494283,2,GreedySharpe
642,0.01563980724847015,1.1103630215638343,2,GreedySharpe
643,-6.248913496607715e-06,1.1103560830013626,2,GreedySharpe
644,-0.0009622883903071745,1.1092876002335834,2,GreedySharpe
645,-0.008211726598079193,1.100178433741826,2,GreedySharpe
646,-0.0028957145582870552,1.0969926310345262,2,GreedySharpe
647,-0.021369488605496503,1.0735504595053202,2,GreedySharpe
648,-0.015346340617343433,1.057075388483846,2,GreedySharpe
649,0.00014735615177954322,1.0572311550452338,2,GreedySharpe
650,0.00656839283925561,1.064175464593471,2,GreedySharpe
651,-0.004491319758096986,1.0593959123032601,2,GreedySharpe
652,0.009185664944104058,1.0691271681968313,2,GreedySharpe
653,-0.01946878836840629,1.0483125576202936,2,GreedySharpe
654,0.013501397278902903,1.062466241933188,2,GreedySharpe
655,-0.030389895675710824,1.030178003681874,2,GreedySharpe
656,-0.004540975149079893,1.0254999909680258,2,GreedySharpe
657,-0.005674158074304584,1.0196811419140752,2,GreedySharpe
658,0.009939847021825241,1.0298166164757412,2,GreedySharpe
659,-0.004548658796585137,1.0251323320643393,2,GreedySharpe
660,0.017941277542949895,1.043524515752157,2,GreedySharpe
661,0.011377837268507461,1.0553975678780831,2,GreedySharpe
662,0.014697476719908523,1.0709092490622194,2,GreedySharpe
663,-0.014349397453036483,1.0555423466112928,2,GreedySharpe
664,0.011675361891302185,1.067866185499574,2,GreedySharpe
665,-0.013851459778132146,1.053074679982699,2,GreedySharpe
666,-0.013936077030342837,1.0383989501237565,2,GreedySharpe
667,0.0026059161713235723,1.0411049307401694,2,GreedySharpe
668,-0.0015477435607714912,1.039493567287529,2,GreedySharpe
669,-0.006768462879843918,1.0324577936635069,2,GreedySharpe
670,-0.014607040664857997,1.0173766406867144,2,GreedySharpe
671,0.009721813929653026,1.0272673870838462,2,GreedySharpe
672,0.0058028202621218244,1.0332284350922334,2,GreedySharpe
673,-0.009576532169868946,1.0233336897447491,2,GreedySharpe
674,0.023754431495125076,1.0476423997744444,2,GreedySharpe
675,-0.0031736041017673355,1.0443175975573349,2,GreedySharpe
676,-0.01569942910092962,1.0279224074756304,2,GreedySharpe
677,-0.01387132243709782,1.013663764321218,2,GreedySharpe
678,-0.013416641155472172,1.0000638013430152,2,GreedySharpe
679,0.013527957956757722,1.013592622401659,2,GreedySharpe
680,0.012662488968835178,1.0264272278017126,2,GreedySharpe
681,0.008992606401823307,1.035657483861448,2,GreedySharpe
682,-0.0010438218629248899,1.0345764419372918,2,GreedySharpe
683,0.006766944427758601,1.0415773632261496,2,GreedySharpe
684,-0.0019577251696692366,1.0395382410060041,2,GreedySharpe
685,0.010210756438084207,1.0501527127929908,2,GreedySharpe
686,-0.0054632244199255015,1.044415492847809,2,GreedySharpe
687,-0.002662452637706503,1.041634786064015,2,GreedySharpe
688,-0.009630913689317814,1.0316028913436415,2,GreedySharpe
689,-0.015912852314467037,1.015187146886513,2,GreedySharpe
690,-0.011939159123693999,1.003066665999506,2,GreedySharpe
691,-0.012278896706627842,0.9907501140178365,2,GreedySharpe
692,0.004113394991549506,0.9948254605747145,2,GreedySharpe
693,-0.014148147472859217,0.9807505232487485,2,GreedySharpe
694,0.009887880887369922,0.9904480676028578,2,GreedySharpe
695,0.02844844202516936,1.0186247720329986,2,GreedySharpe
696,-0.004101222960540517,1.0144471647297615,2,GreedySharpe
697,0.006238630373950323,1.0207759256244124,2,GreedySharpe
698,0.005432614327544323,1.026321407543172,2,GreedySharpe
699,-0.0072694313792025156,1.0188606344980302,2,GreedySharpe
700,0.027551300581777467,1.0469315700900261,2,GreedySharpe
701,-0.00636493101953456,1.04026792286423,2,GreedySharpe
702,0.007296731688227249,1.0478584787812397,2,GreedySharpe
703,0.006602891813690809,1.054777374952691,2,GreedySharpe
704,-0.018504599322165135,1.0352591422551063,2,GreedySharpe
705,0.005113907352774815,1.040553361594712,2,GreedySharpe
706,-0.003476106565447897,1.0369362872227736,2,GreedySharpe
707,-0.010805073577610076,1.0257321143440377,2,GreedySharpe
708,0.001281287020156213,1.027046371588304,2,GreedySharpe
709,-0.032786685356974536,0.993372925356016,2,GreedySharpe
710,0.021223774581894228,1.0144560483995289,2,GreedySharpe
711,0.0001222647667088582,1.014580080631623,2,GreedySharpe
712,0.0158368342360372,1.030647817187771,2,GreedySharpe
713,0.01552030336563182,1.0466437839736518,2,GreedySharpe
714,0.015853144168709424,1.0632363787742698,2,GreedySharpe
715,-0.006763600557915084,1.0560450726095967,2,GreedySharpe
716,0.0022283736075149147,1.058398335577746,2,GreedySharpe
717,0.012824114189176568,1.0719713566908293,2,GreedySharpe
718,0.03456497987261186,1.109024025058864,2,GreedySharpe
719,0.011324811873508261,1.1215835135058567,2,GreedySharpe
720,0.012625062412113114,1.1357435753642653,2,GreedySharpe
721,-0.032202703271403274,1.0991695620144073,2,GreedySharpe
722,0.0002548579704540856,1.099449694138167,2,GreedySharpe
723,0.030026298492377573,1.132462098831713,2,GreedySharpe
724,-0.013889136740719723,1.1167331778873568,2,GreedySharpe
725,0.007953702329502401,1.1256153411657521,2,GreedySharpe
726,-0.016458736870949082,1.1070891344476015,2,GreedySharpe
727,0.033070140005211746,1.1437007271220325,2,GreedySharpe
728,-0.026206909339996264,1.1137278658542575,2,GreedySharpe
729,-0.02225727414319907,1.0889393194230192,2,GreedySharpe
730,-0.0001827535434170205,1.0887403119038286,2,GreedySharpe
731,-0.0006176141168638906,1.088067890517598,2,GreedySharpe
732,-0.005173182412351204,1.0824391168429284,2,GreedySharpe
733,-0.041412005403211535,1.0376131422875814,2,GreedySharpe
734,0.024963788165856378,1.0635158969697571,2,GreedySharpe
735,0.008923206592353529,1.0730058690326703,2,GreedySharpe
736,-0.020242425427470793,1.051285627745538,2,GreedySharpe
737,0.012837328867071784,1.0647813270821336,2,GreedySharpe
738,-0.006999287781959219,1.0573286161490292,2,GreedySharpe
739,0.032700918271982966,1.0919042328123476,2,GreedySharpe
740,0.01505044236190752,1.1083378745330128,2,GreedySharpe
741,0.04016298209665644,1.1528520287449284,2,GreedySharpe
742,-0.02053035919312548,1.1291835624982716,2,GreedySharpe
743,-0.008525541388516826,1.1195566613009598,2,GreedySharpe
744,-0.0006850470698181006,1.1187897122906403,2,GreedySharpe
745,0.006240090242386757,1.1257710610575877,2,GreedySharpe
746,0.009365305856110447,1.1363142513683502,2,GreedySharpe
747,0.02126725327758148,1.1604805343551263,2,GreedySharpe
748,-0.009033087857324464,1.1499978117315817,2,GreedySharpe
749,0.03210139812982706,1.186914349334407,2,GreedySharpe
750,0.02341643160649752,1.2147076480183667,2,GreedySharpe
751,0.02625384840285741,1.2465983984632323,2,GreedySharpe
752,-0.0030338812894597977,1.242816366906664,2,GreedySharpe
753,-0.01819602788983265,1.22020204563249,2,GreedySharpe
754,-0.012442292676509115,1.2050199346562556,2,GreedySharpe
755,0.051199026975108856,1.266715782796265,2,GreedySharpe
756,-0.004986997670586727,1.2603986741381645,2,GreedySharpe
757,-0.023582310591798543,1.2306755611351474,2,GreedySharpe
758,-0.0068198394310026965,1.2222825514165465,2,GreedySharpe
759,0.0231514030083614,1.2505801073544793,2,GreedySharpe
760,-0.004356374135605193,1.2451321125202979,2,GreedySharpe
761,-0.009520607826197056,1.2332776979851878,2,GreedySharpe
762,0.029036079053177476,1.2690872467184064,2,GreedySharpe
763,-0.002242603208449817,1.266241187587113,2,GreedySharpe
764,-0.006472345371967043,1.2580456372968394,2,GreedySharpe
765,0.0025223443219634443,1.261218861566846,2,GreedySharpe
766,0.013125925482760658,1.2777735263612247,2,GreedySharpe
767,-0.0067616574934985935,1.2691336594217102,2,GreedySharpe
768,-0.0205497374457937,1.2430532959369747,2,GreedySharpe
769,0.003831619899240979,1.247816203681504,2,GreedySharpe
770,-0.02519148760217004,1.2163818572566745,2,GreedySharpe
771,-0.011786358172097555,1.202045145013006,2,GreedySharpe
772,-0.006101659313213071,1.1947106750590348,2,GreedySharpe
773,-1.058615825347167e-05,1.1946980276627617,2,GreedySharpe
774,-0.001697927825565734,1.1926695166384444,2,GreedySharpe
775,-0.0033363574001516842,1.1886903448706725,2,GreedySharpe
776,0.0016529618276177713,1.1906552046356016,2,GreedySharpe
777,-0.0005901863771895187,1.1899524961538959,2,GreedySharpe
778,0.021097391008223155,1.2150573892464656,2,GreedySharpe
779,0.036628311577501585,1.2595628898843307,2,GreedySharpe
780,0.0045908360546746164,1.265345336612342,2,GreedySharpe
781,-0.014342168386745171,1.247197540727265,2,GreedySharpe
782,-0.013457441034476767,1.2304134533645834,2,GreedySharpe
783,-0.03557643247444713,1.186639732225307,2,GreedySharpe
784,-0.0017146283521108354,1.1846050860966924,2,GreedySharpe
785,0.0485403901194741,1.242106279113339,2,GreedySharpe
786,-0.045062063661637855,1.1861344068894135,2,GreedySharpe
787,0.0040004805421970544,1.1908795145046052,2,GreedySharpe
788,0.008617113837250983,1.2011414588475415,2,GreedySharpe
789,-0.0055043334259363835,1.194529975766329,2,GreedySharpe
790,0.004129070379423438,1.1994622741065992,2,GreedySharpe
791,0.01088605802071693,1.2125196900161845,2,GreedySharpe
792,-0.0026942984773068064,1.2092528000616694,2,GreedySharpe
793,-0.017163521862569375,1.1884977631904377,2,GreedySharpe
794,-0.0013727112571177424,1.1868662989318468,2,GreedySharpe
795,-0.0010540406527790986,1.185615293603359,2,GreedySharpe
796,-0.012825615511990246,1.170409047702467,2,GreedySharpe
797,-0.015939830890766,1.151752925409067,2,GreedySharpe
798,0.002047789329955337,1.1541114727604644,2,GreedySharpe
799,-0.023387427489196033,1.1271197743768298,2,GreedySharpe
800,-0.014840939011571996,1.1103922585465664,2,GreedySharpe
801,0.000794076129687077,1.1112739945336676,2,GreedySharpe
802,0.011889828749125416,1.1244868520220295,2,GreedySharpe
803,-0.0008456481447053827,1.1235359318018714,2,GreedySharpe
804,0.008784695083226027,1.133405852377799,2,GreedySharpe
805,0.009523575701745918,1.144199928813721,2,GreedySharpe
806,0.008673821843032632,1.1541245151490618,2,GreedySharpe
807,-0.026420452876713886,1.1236320227827057,2,GreedySharpe
808,0.006942548932933388,1.1314328930834854,2,GreedySharpe
809,-0.013709771623837557,1.1159212065116129,2,GreedySharpe
810,-0.0017809311046290428,1.1139338277246211,2,GreedySharpe
811,0.02422930875022211,1.1409236743638778,2,GreedySharpe
812,0.019957269243218726,1.1636933953191202,2,GreedySharpe
813,0.0245098679303847,1.192215366749853,2,GreedySharpe
814,0.004063616714170838,1.197060073041069,2,GreedySharpe
815,-0.016860850259975232,1.1768766223973286,2,GreedySharpe
816,-0.01783117749254816,1.1558915264565313,2,GreedySharpe
817,-0.005345002359684591,1.1497132835200816,2,GreedySharpe
818,0.015288337307878,1.1672904880058848,2,GreedySharpe
819,0.00822716008283904,1.1768939737138844,2,GreedySharpe
820,-0.004411407337308991,1.1717022150030083,2,GreedySharpe
821,-0.03033751305591474,1.1361556837577105,2,GreedySharpe
822,-0.008104010160357096,1.1269482665527906,2,GreedySharpe
823,-5.2369363713202595e-05,1.1268892489891336,2,GreedySharpe
824,-0.02492007322733699,1.0988070863852255,2,GreedySharpe
825,-0.007819036131328694,1.0902154740754193,2,GreedySharpe
826,0.007090301424206011,1.0979454304039478,2,GreedySharpe
827,-0.0030753951548426715,1.0945688143470018,2,GreedySharpe
828,0.0102966640606342,1.1058392217195796,2,GreedySharpe
829,0.005012762201106422,1.1113825307707166,2,GreedySharpe
830,0.004007642527794176,1.1158365546656808,2,GreedySharpe
831,0.004395217521599794,1.120740899041989,2,GreedySharpe
832,0.010034273411292021,1.1319867196461935,2,GreedySharpe
833,-0.01966902318784678,1.1097216466091377,2,GreedySharpe
834,0.008315734585056788,1.1189497972856315,2,GreedySharpe
835,0.005426322251034349,1.125021579468433,2,GreedySharpe
836,-0.01727258424147659,1.1055895494635855,2,GreedySharpe
837,-0.028252626913957496,1.0743537404026204,2,GreedySharpe
838,0.016089960843499278,1.0916400500177654,2,GreedySharpe
839,0.021002254579330276,1.1145669522572312,2,GreedySharpe
546,-0.005320063092493825,0.9946799369075062,2,GA
547,0.001996178666167117,0.9966654957772254,2,GA
548,-0.005641590063546529,0.991042717619569,2,GA
549,0.0015387680657726632,0.9925677025052584,2,GA
550,0.01497666728818371,1.0074330587466764,2,GA
551,0.0011088381859868947,1.0085501389920404,2,GA
552,-0.004950365289858891,1.0035574473908917,2,GA
553,-0.008846238042886506,0.9946797393215603,2,GA
554,-0.005012474457964703,0.989693932534356,2,GA
555,-0.010441073034709595,0.9793604659027558,2,GA
556,-0.00852954427280266,0.9710069674498056,2,GA
557,-0.008672145312570259,0.9625862539285628,2,GA
558,0.010710740903874345,0.9728962658920225,2,GA
559,0.011917086851772596,0.9844903551904229,2,GA
560,-0.02082191782323955,0.9639913779168761,2,GA
561,-0.008912066552745419,0.9554002226006081,2,GA
562,-0.011419289873837599,0.9444902305132028,2,GA
563,-0.012848473034549442,0.9323549732550586,2,GA
564,-0.013602672485524724,0.9196724539136198,2,GA
565,0.011286820253395736,0.9300526315929423,2,GA
566,-0.008277893126523453,0.9223537553065739,2,GA
567,0.009928432069306497,0.931511281910005,2,GA
568,-0.011425790502267465,0.9208680291524027,2,GA
569,0.008140895759896311,0.9283647197863536,2,GA
570,0.014830212443832244,0.942132565806144,2,GA
571,0.0028674949465734793,0.9448341261775954,2,GA
572,-0.005336944190506676,0.9397915991768995,2,GA
573,0.014142520065762321,0.9530826207258937,2,GA
574,-0.008981991315530846,0.9445220409035503,2,GA
575,-0.0001307293475040468,0.9443985641534398,2,GA
576,-0.00466041723345744,0.9399972728098066,2,GA
577,-0.01655837067124347,0.9244324495366639,2,GA
578,0.009747792494710424,0.9334436252301243,2,GA
579,0.012405149166604101,0.9450231326397197,2,GA
580,-0.006073587078746397,0.9392834523522027,2,GA
581,0.023351097405490025,0.9612167517394439,2,GA
582,0.004714854443359491,0.9657487488124142,2,GA
583,0.014671013527714872,0.9799172617706149,2,GA
584,-0.01876340583237705,0.9615306765058612,2,GA
585,-0.01634487880531634,0.9458145741307791,2,GA
586,0.002818984636895161,0.9484808108846052,2,GA
587,0.01719972242504382,0.9647944175573009,2,GA
588,0.003286492830824575,0.9679652074938224,2,GA
589,-0.0024467305472148926,0.9655968574520061,2,GA
590,-0.01157085670093474,0.954424074583556,2,GA
591,-0.00532575849584452,0.9493410424597042,2,GA
592,0.003325444871048205,0.9524980237602274,2,GA
593,0.019097269796245472,0.9706881355003671,2,GA
594,-0.002522215875083697,0.9682398504752527,2,GA
595,-0.004944898759870294,0.9634520024393807,2,GA
596,-0.0004564253671790683,0.9630122585054078,2,GA
597,-0.017187892313155536,0.9464601075099682,2,GA
598,-0.015719647738237183,0.9315820880216175,2,GA
599,-0.007665574151757329,0.9244409764474388,2,GA
600,-0.0018706853159795997,0.9227116382873088,2,GA
601,-0.0006876079195528457,0.9220771744573589,2,GA
602,-0.00010960384946966605,0.9219761112495303,2,GA
603,0.0061402759053550285,0.9276372989507488,2,GA
604,0.00879316201939898,0.9357941640156604,2,GA
605,0.010821122075519645,0.9459205069020328,2,GA
606,0.0019764576811547503,0.9477900787536611,2,GA
607,0.015093691263282642,0.9620957295847712,2,GA
608,-0.008098692037156184,0.954304012560601,2,GA
609,-0.0008278544398777124,0.9535139877468096,2,GA
610,-0.01277635793860311,0.9413315517398916,2,GA
611,-0.01923673486060325,0.923223406263151,2,GA
612,-0.01723482188781336,0.9073118152935453,2,GA
613,-0.0038212391565477376,0.9038447598577473,2,GA
614,-0.006650574000800814,0.8978336733970773,2,GA
615,0.0056919131823672565,0.9029440647182593,2,GA
616,0.008456301860793113,0.9105796322929284,2,GA
617,0.023803348087143635,0.9322544762414602,2,GA
618,0.014926675847883465,0.9461699366160548,2,GA
619,0.006088185403586026,0.9519303946134726,2,GA
620,0.01903926859631747,0.9700544530815169,2,GA
621,0.014898595866725073,0.9845069023466956,2,GA
622,0.005479973489895771,0.989901974072175,2,GA
623,-0.0059925466429637305,0.9839699403205855,2,GA
624,0.023176702066529803,1.0067751184698168,2,GA
625,0.0024027856428859113,1.0091941832700908,2,GA
626,0.00984137102320443,1.0191260376621114,2,GA
627,0.0005009395777406432,1.0196365582290823,2,GA
628,-0.0010687653603819894,1.0185468059954679,2,GA
629,-0.013832095439421106,1.004458169365421,2,GA
630,0.01531897204758683,1.0198454359849003,2,GA
631,0.002806622620732549,1.0227077572551864,2,GA
632,-0.006325017661382947,1.016239112628114,2,GA
633,0.016889710866162415,1.0334030974112882,2,GA
634,-0.00985534880739055,1.0232185494276622,2,GA
635,-0.0038295836965797376,1.0193000483527361,2,GA
636,0.0016653928570287734,1.0209975833724318,2,GA
637,0.018401949542741484,1.0397859293849123,2,GA
638,0.025506950736701915,1.066307697862449,2,GA
639,0.0063959037066545245,1.0731276992196417,2,GA
640,0.01928227226578553,1.0938200396919509,2,GA
641,0.00026360747695511636,1.094108378832857,2,GA
642,0.015416138369759157,1.1109753049924571,2,GA
643,-0.00040619841713820807,1.1105240285820897,2,GA
644,-0.0014836612281299397,1.1088763871379756,2,GA
645,-0.005653409545924572,1.1026074547856795,2,GA
646,-0.003415632769702174,1.0988413526309957,2,GA
647,-0.02140728441110896,1.0753181432725363,2,GA
648,-0.016077280352779395,1.0580299520147134,2,GA
649,0.00034933176262817077,1.058399555482764,2,GA
650,0.004909015445523952,1.0635952552481647,2,GA
651,-0.0022287738943292624,1.061224741909135,2,GA
652,0.006609216177966793,1.0682386056418194,2,GA
653,-0.02149323429765268,1.045278703004962,2,GA
654,0.010922395748905427,1.0566956506670848,2,GA
655,-0.025220535335315316,1.0300452206707615,2,GA
656,-0.003008988057742458,1.0269458269028287,2,GA
657,-0.008982080032396061,1.0177217172966522,2,GA
658,0.01015470459935167,1.0280563807001446,2,GA
659,-0.007799632878499147,1.020037918352285,2,GA
660,0.009385245428425594,1.0296112245623215,2,GA
661,0.008379900459769258,1.0382392641364149,2,GA
662,0.011951541176051595,1.0506478234523347,2,GA
663,-0.011151133647341665,1.038931909156729,2,GA
664,0.010904268042604588,1.050260701172189,2,GA
665,-0.009976385961684259,1.0397828950569061,2,GA
666,-0.011780859207722209,1.0275333591636429,2,GA
667,0.002541019818756151,1.0301443417937106,2,GA
668,0.00019594455642815765,1.0303461929698203,2,GA
669,-0.00485160227089767,1.0253473630401972,2,GA
670,-0.010752546582903606,1.0143222677554502,2,GA
671,0.008656831979580287,1.023103085200556,2,GA
672,0.0068262687421402,1.0300870618110476,2,GA
673,-0.010065785303671106,1.0197184266027681,2,GA
674,0.023370626461114083,1.0435498850464162,2,GA
675,-0.003218174030166412,1.0401915599071767,2,GA
676,-0.015072559252519007,1.0245132109865056,2,GA
677,-0.012780777419657358,1.0114191356733886,2,GA
678,-0.014623727046167555,0.9966284183040303,2,GA
679,0.013226419249734393,1.009810243600719,2,GA
680,0.01311549648195368,1.023054406298105,2,GA
681,0.009233334312217033,1.0325006096510423,2,GA
682,-0.0008047416387928445,1.031669713418377,2,GA
683,0.006410011087623333,1.0382827277201538,2,GA
684,-0.0014473366455015624,1.0367799830799331,2,GA
685,0.008566222868319824,1.0456612714804088,2,GA
686,-0.004859598305183747,1.0405797777377264,2,GA
687,-0.001769480040074118,1.0387384925909147,2,GA
688,-0.008863087615467863,1.0295320623215225,2,GA
689,-0.01734416047735192,1.0116756930160389,2,GA
690,-0.010763064342271205,1.0007869624385954,2,GA
691,-0.01278708473890162,0.9879898147443051,2,GA
692,0.004133784147459676,0.9920739513783466,2,GA
693,-0.014179470594479101,0.9780068679572287,2,GA
694,0.009887880887369922,0.9876772833746195,2,GA
695,0.028448442025169364,1.0157751633102792,2,GA
696,-0.004101222960540518,1.0116092428877643,2,GA
697,0.006238630373950324,1.0179202990370129,2,GA
698,0.005432614327544323,1.0234502674378594,2,GA
699,-0.007269431379202518,1.0160103659486934,2,GA
700,0.027551300581777467,1.0440027729351478,2,GA
701,-0.0063649310195345605,1.0373577673012127,2,GA
702,0.007296731688227248,1.0449270885939081,2,GA
703,0.0066028918136908105,1.0518266291130887,2,GA
704,-0.018504599322165135,1.0323629987849674,2,GA
705,0.005113907352774817,1.0376424075151864,2,GA
706,-0.003476106565447898,1.0340354519298356,2,GA
707,-0.010805073577610078,1.0228626227898765,2,GA
708,0.0012812870201562132,1.02417320339186,2,GA
709,-0.032786685356974536,0.9905939588212065,2,GA
710,0.02122377458189423,1.011618101705414,2,GA
711,0.0001222647667088577,1.0117417869566177,2,GA
712,0.0158368342360372,1.0277645739263215,2,GA
713,0.015520303365631823,1.0437157919021074,2,GA
714,0.015853144168709428,1.0602619688222903,2,GA
715,-0.006763600557915085,1.0530907803784277,2,GA
716,0.0022283736075149143,1.0554374600797403,2,GA
717,0.012824114189176568,1.0689725105873373,2,GA
718,0.03456497987261187,1.105921523900164,2,GA
719,0.01132481187350826,1.118445877105197,2,GA
720,0.012625062412113114,1.1325663261082208,2,GA
721,-0.032202703271403274,1.0960946287733744,2,GA
722,0.00025485797045408476,1.0963739772258891,2,GA
723,0.030026298492377573,1.1292940295253489,2,GA
724,-0.013889136740719723,1.113609110328793,2,GA
725,0.007953702329502401,1.1224664257037704,2,GA
726,-0.016458736870949082,1.1039920461566373,2,GA
727,0.03307014000521174,1.1405012176876774,2,GA
728,-0.026206909339996264,1.1106122056735812,2,GA
729,-0.02225727414319907,1.0858930053451212,2,GA
730,-0.00018275354341702223,1.0856945545506227,2,GA
731,-0.0006176141168638891,1.08502401426713,2,GA
732,-0.005173182412351206,1.0794109871195445,2,GA
733,-0.041412005403211535,1.034710413488664,2,GA
734,0.024963788165856378,1.0605407050640008,2,GA
735,0.008923206592353527,1.0700041288748872,2,GA
736,-0.020242425427470793,1.0483446500890514,2,GA
737,0.012837328867071788,1.06180259512828,2,GA
738,-0.00699928778195922,1.054370733197346,2,GA
739,0.03270091827198296,1.0888496243720032,2,GA
740,0.01505044236190752,1.1052372928843988,2,GA
741,0.04016298209665645,1.149626918491072,2,GA
742,-0.02053035919312548,1.126024664916364,2,GA
743,-0.008525541388516826,1.116424695031129,2,GA
744,-0.000685047069818098,1.1156598915651252,2,GA
745,0.006240090242386755,1.122621709968303,2,GA
746,0.009365305856110444,1.1331354056428657,2,GA
747,0.02126725327758148,1.1572340833124677,2,GA
748,-0.009033087857324464,1.1467806861664158,2,GA
749,0.03210139812982707,1.1835939495406402,2,GA
750,0.02341643160649752,1.211309496309923,2,GA
751,0.02625384840285741,1.2431110321949852,2,GA
752,-0.0030338812894597977,1.2393395808936878,2,GA
753,-0.01819602788983265,1.2167885233147728,2,GA
754,-0.012442292676509115,1.201648884382273,2,GA
755,0.05119902697510885,1.2631721380283705,2,GA
756,-0.004986997670586727,1.2568727015184729,2,GA
757,-0.02358231059179855,1.2272327390969113,2,GA
758,-0.006819839431002694,1.2188632088718008,2,GA
759,0.02315140300836141,1.2470816022324565,2,GA
760,-0.004356374135605193,1.241648848195502,2,GA
761,-0.009520607826197057,1.2298275964539833,2,GA
762,0.02903607905317748,1.2655369677664003,2,GA
763,-0.002242603208449808,1.2626988705020756,2,GA
764,-0.006472345371967037,1.2545262473113934,2,GA
765,0.0025223443219634456,1.2576905944680534,2,GA
766,0.013125925482760661,1.2741989474914102,2,GA
767,-0.006761657493498606,1.265583250629897,2,GA
768,-0.020549737445793703,1.2395758471136584,2,GA
769,0.0038316198992409704,1.2443254305960776,2,GA
770,-0.02519148760217005,1.2129790219381515,2,GA
771,-0.011786358172097545,1.198682416730348,2,GA
772,-0.006101659313213081,1.1913684649987206,2,GA
773,-1.0586158253474923e-05,1.191355852983612,2,GA
774,-0.0016979278255657348,1.1893330167306804,2,GA
775,-0.0033363574001516903,1.1853649767190662,2,GA
776,0.0016529618276177713,1.1873243397773778,2,GA
777,-0.0005695647704947017,1.1866480816622897,2,GA
778,0.021209736406891062,1.21181657468209,2,GA
779,0.03637682652531739,1.2558986159998047,2,GA
780,0.0053471865667527076,1.262614140208482,2,GA
781,-0.014624969673732552,1.2441484466983073,2,GA
782,-0.013343084237199042,1.2275476691704315,2,GA
783,-0.0353361185566227,1.1841708991987192,2,GA
784,-0.001757441704971414,1.182089787874654,2,GA
785,0.048580481763829356,1.2395162792577075,2,GA
786,-0.04501214044927777,1.1837229984065933,2,GA
787,0.0036728864193642133,1.18807067853173,2,GA
788,0.007960533845216666,1.1975283553786915,2,GA
789,-0.005202374127092822,1.1912983648462094,2,GA
790,0.004222882441243095,1.1963290777934001,2,GA
791,0.011104158284938718,1.2096133052340927,2,GA
792,-0.0029895627711671417,1.2059970903292565,2,GA
793,-0.017394596789475972,1.185019257213698,2,GA
794,-0.0014451133185134973,1.1833067701024034,2,GA
795,-0.0008945961571532848,1.1822481884131364,2,GA
796,-0.013025486404407784,1.1668488307083253,2,GA
797,-0.016403477253021145,1.147708452456087,2,GA
798,0.0020277893299553373,1.150035763409877,2,GA
799,-0.02338742748919603,1.1231393853831464,2,GA
800,-0.014840939011571998,1.1064709422631807,2,GA
801,0.0007940761296870752,1.1073495644266242,2,GA
802,0.011889828749125414,1.1205157611130754,2,GA
803,-0.0008456481447053819,1.119568199038577,2,GA
804,0.008784695083226029,1.1294032642920075,2,GA
805,0.009523575701745918,1.1401592217772916,2,GA
806,0.008673821843032632,1.1500487597396785,2,GA
807,-0.026420452876713886,1.119663950677053,2,GA
808,0.0069425489329333874,1.12743727244307,2,GA
809,-0.013709771623837557,1.1119803649176732,2,GA
810,-0.0017809311046290415,1.1100000044980545,2,GA
811,0.02422930875022211,1.1368945373197858,2,GA
812,0.019957269243218726,1.1595838477022216,2,GA
813,0.024509867930384698,1.1880050946636105,2,GA
814,0.004063616714170838,1.1928326920228056,2,GA
815,-0.016860850259975232,1.172720518617406,2,GA
816,-0.01783117749254816,1.1518095309007859,2,GA
817,-0.005345002359684589,1.145653106240214,2,GA
818,0.015288337307878,1.1631682373662326,2,GA
819,0.00822716008283904,1.1727378086583182,2,GA
820,-0.004411407337308991,1.1675643844844634,2,GA
821,-0.03033751305591475,1.132143384726545,2,GA
822,-0.008104010160357092,1.1229684832337399,2,GA
823,-5.236936371320411e-05,1.122909674088803,2,GA
824,-0.02492007322733699,1.0949266827828248,2,GA
825,-0.007819036131328692,1.08636541148899,2,GA
826,0.007090301424206008,1.0940680697132785,2,GA
827,-0.00307539515484267,1.0907033780726143,2,GA
828,0.0102966640606342,1.1019339843464269,2,GA
829,0.005012762201106427,1.1074577173712732,2,GA
830,0.0040076425277941795,1.1118960120171442,2,GA
831,0.004395217521599792,1.116783036851359,2,GA
832,0.010034273411292021,1.1279891431842184,2,GA
833,-0.01966902318784678,1.1058026985712885,2,GA
834,0.00831573458505679,1.114998260316047,2,GA
835,0.005426322251034345,1.1210486001858648,2,GA
836,-0.01727258424147659,1.1016851938003651,2,GA
837,-0.028252626913957496,1.0705596930432926,2,GA
838,0.016089960843499278,1.0877849565849878,2,GA
839,0.02100225457933027,1.1106308931707514,2,GA
966,0.015983881494502743,1.0159838814945028,3,GreedySharpe
967,-0.00823060339744321,1.0076217211077265,3,GreedySharpe
968,-0.007354667890799158,1.0002109979894238,3,GreedySharpe
969,0.0023986698848177082,1.0026101739887645,3,GreedySharpe
970,-0.007297343992360579,0.995293782658928,3,GreedySharpe
971,-0.014756265257146897,0.9806069635932237,3,GreedySharpe
972,-0.002097327251066207,0.9785503098858943,3,GreedySharpe
973,0.006478754930452204,0.9848900975307631,3,GreedySharpe
974,0.01488005205428933,0.9995453134497749,3,GreedySharpe
975,-0.01658791317776572,0.9829649425730274,3,GreedySharpe
976,0.027886712337019802,1.0103766031639367,3,GreedySharpe
977,0.0063071903805808115,1.0167492407561765,3,GreedySharpe
978,0.0026703710739658768,1.0194643385181685,3,GreedySharpe
979,-0.013951433021146192,1.005241350081885,3,GreedySharpe
980,0.011357869015098804,1.0166587496646762,3,GreedySharpe
981,0.0024996864294956106,1.019200077744641,3,GreedySharpe
982,-0.0019419775046201047,1.017220814120954,3,GreedySharpe
983,-0.01748519154076572,0.9994345133467956,3,GreedySharpe
984,0.0035005187693522093,1.0029330526195044,3,GreedySharpe
985,-0.016554144648426063,0.9863303537937536,3,GreedySharpe
986,-0.0020451784935442757,0.9843131321666447,3,GreedySharpe
987,0.03173968749169127,1.0155549233755818,3,GreedySharpe
988,0.0002531886618689673,1.015812050367686,3,GreedySharpe
989,0.008875868905076701,1.0248282649589469,3,GreedySharpe
990,0.015279673603840067,1.0404873063475093,3,GreedySharpe
991,-0.0026620275037832417,1.037717500520675,3,GreedySharpe
992,-0.006012347750213741,1.031478382041062,3,GreedySharpe
993,-0.04361025289204551,0.9864953489475734,3,GreedySharpe
994,-0.015357583808643261,0.9713451639492743,3,GreedySharpe
995,0.006631213152265458,0.9777863607758441,3,GreedySharpe
996,-0.02493408096461481,0.9534061564901631,3,GreedySharpe
997,-0.004854887681990622,0.948777476685085,3,GreedySharpe
998,-0.014121079003577976,0.9353797149799996,3,GreedySharpe
999,-0.01555553894011424,0.9208293793998353,3,GreedySharpe
1000,0.018481899299283212,0.9378480552617245,3,GreedySharpe
1001,0.004356892547808589,0.9419341584646711,3,GreedySharpe
1002,0.006802755101476466,0.9483419058664215,3,GreedySharpe
1003,-0.0030540750660214442,0.9454455984976516,3,GreedySharpe
1004,0.0049544178639258805,0.9501297310602185,3,GreedySharpe
1005,-0.004240025855451256,0.9461011564344902,3,GreedySharpe
1006,0.0035080691757466923,0.9494201447385164,3,GreedySharpe
1007,0.001398051405257649,0.950747482906048,3,GreedySharpe
1008,0.009225731972145082,0.9595188243565309,3,GreedySharpe
1009,0.0031537732703691207,0.9625449291772025,3,GreedySharpe
1010,0.010150050352478474,0.972314808674874,3,GreedySharpe
1011,0.021811600952885632,0.9935225512822717,3,GreedySharpe
1012,-0.005116056272915863,0.9884396340015007,3,GreedySharpe
1013,-0.022869399061949323,0.9658346135628733,3,GreedySharpe
1014,0.010288416474388211,0.9757715223125878,3,GreedySharpe
1015,-0.016957295377790137,0.9592250763874973,3,GreedySharpe
1016,0.003856140821235647,0.962923983361308,3,GreedySharpe
1017,-0.006287293682164359,0.9568697974843159,3,GreedySharpe
1018,0.00953273657081871,0.9659913851963065,3,GreedySharpe
1019,-2.8125518031142064e-05,0.9659642161881842,3,GreedySharpe
1020,0.0032554560753498274,0.9691088702643444,3,GreedySharpe
1021,0.02194729323065431,0.9903781868124641,3,GreedySharpe
1022,0.017787743597643176,1.007994780064183,3,GreedySharpe
1023,0.013467087863431555,1.0215695343331879,3,GreedySharpe
1024,0.007336218253837734,1.0290639913985276,3,GreedySharpe
1025,-0.017305110137751316,1.011255925688582,3,GreedySharpe
1026,-0.01136815224492165,0.9997598143667751,3,GreedySharpe
1027,0.004600566102472429,1.0043592754793649,3,GreedySharpe
1028,0.02937677503807945,1.0338641119725307,3,GreedySharpe
1029,-0.0020310785113311254,1.0317642527910669,3,GreedySharpe
1030,-0.013495524702122869,1.0178400528307576,3,GreedySharpe
1031,0.00573123111798882,1.0236735294146768,3,GreedySharpe
1032,-0.00740442894790329,1.0160938115002764,3,GreedySharpe
1033,-0.001251952454060845,1.0148217103594126,3,GreedySharpe
1034,-0.005803251374994524,1.0089324448733952,3,GreedySharpe
1035,0.013348575751083664,1.0224002560415137,3,GreedySharpe
1036,-0.005012598123544513,1.0172753744365686,3,GreedySharpe
1037,0.028635145723460317,1.0464052030244475,3,GreedySharpe
1038,-0.007083498687804726,1.0389929931419117,3,GreedySharpe
1039,-0.012529840435394062,1.025974576724351,3,GreedySharpe
1040,0.00973498311793659,1.0359624219081947,3,GreedySharpe
1041,-0.001529572291630411,1.0343778424924734,3,GreedySharpe
1042,0.004108359935851134,1.0386274389791017,3,GreedySharpe
1043,0.012565686215480099,1.051678505472101,3,GreedySharpe
1044,0.015810668317837655,1.0683062454991195,3,GreedySharpe
1045,0.007647333568391915,1.0764759397116477,3,GreedySharpe
1046,-0.019480605658372868,1.0555055364293988,3,GreedySharpe
1047,0.017986398765811148,1.0744902799071394,3,GreedySharpe
1048,0.01166037768539123,1.0870192423901384,3,GreedySharpe
1049,0.0032397913127443605,1.09054095788842,3,GreedySharpe
1050,-0.010927254923988933,1.0786243388365222,3,GreedySharpe
1051,-0.013385754582849825,1.064186138149768,3,GreedySharpe
1052,0.009451186377735166,1.0742439596820235,3,GreedySharpe
1053,0.02974296414658894,1.1061951592595356,3,GreedySharpe
1054,-0.0013229696452045326,1.104731696642163,3,GreedySharpe
1055,-0.00011416329602121278,1.1046055768304552,3,GreedySharpe
1056,0.0030088270781343535,1.1079291440006809,3,GreedySharpe
1057,-0.011724610964964943,1.0949391058105262,3,GreedySharpe
1058,0.018471862701296457,1.1151646706393386,3,GreedySharpe
1059,-0.013011524912895445,1.1006546777453339,3,GreedySharpe
1060,-0.021700716775590125,1.076769682315854,3,GreedySharpe
1061,0.013870030268155671,1.0917045104014071,3,GreedySharpe
1062,0.024964219771866882,1.1189580617250063,3,GreedySharpe
1063,0.02144117831978493,1.1429498410588133,3,GreedySharpe
1064,0.0295480484397087,1.1767217783265762,3,GreedySharpe
1065,-0.013866834522351844,1.160404372147674,3,GreedySharpe
1066,-0.007048277374386968,1.1522255202663259,3,GreedySharpe
1067,0.034470574088652686,1.1919433954295025,3,GreedySharpe
1068,0.002671075658768127,1.1951271664196637,3,GreedySharpe
1069,0.01325478145566903,1.2109683158222893,3,GreedySharpe
1070,0.028691735109790614,1.2457130979662117,3,GreedySharpe
1071,0.01505042359564465,1.2644616077692459,3,GreedySharpe
1072,0.018583925266963626,1.2879602677909743,3,GreedySharpe
1073,-0.010772386708875337,1.2740858617206632,3,GreedySharpe
1074,-0.0042602083219455645,1.2686579905296878,3,GreedySharpe
1075,-0.013318627383156124,1.2517612074771591,3,GreedySharpe
1076,0.017863340662727725,1.274121844354711,3,GreedySharpe
1077,-0.017473399325719455,1.251858604578679,3,GreedySharpe
1078,0.023471352060726862,1.2812414186169954,3,GreedySharpe
1079,-0.0059595524067398474,1.2736057932370617,3,GreedySharpe
1080,-0.03004548507728788,1.23533968938201,3,GreedySharpe
1081,-0.005840554786873081,1.2281246202457756,3,GreedySharpe
1082,-0.01500068440353941,1.2097019104092521,3,GreedySharpe
1083,0.01071479911402281,1.2226636233671369,3,GreedySharpe
1084,0.004123151625876575,1.2277048508737232,3,GreedySharpe
1085,0.012398444649850713,1.242926481513634,3,GreedySharpe
1086,0.00730840880147383,1.2520102963507131,3,GreedySharpe
1087,-0.0066004495226710804,1.243746465587786,3,GreedySharpe
1088,0.0032982068653253224,1.2478485987193118,3,GreedySharpe
1089,0.0045461071018087305,1.2535214520959317,3,GreedySharpe
1090,-0.00012620152301578806,1.2533632557795442,3,GreedySharpe
1091,-0.003360284568010503,1.2491515985730368,3,GreedySharpe
1092,0.01602339692099668,1.26916725045147,3,GreedySharpe
1093,0.003990722847383487,1.2742321451949974,3,GreedySharpe
1094,-0.006108098197546456,1.266449010125676,3,GreedySharpe
1095,-0.011199133025519512,1.252265879191241,3,GreedySharpe
1096,0.008914322058854469,1.2634289805416665,3,GreedySharpe
1097,-0.01248964010066975,1.247649207281945,3,GreedySharpe
1098,0.014979097182777614,1.2663378660078368,3,GreedySharpe
1099,-0.029939230466548977,1.2284246847889104,3,GreedySharpe
1100,-0.013934844234766233,1.211306778152235,3,GreedySharpe
1101,0.007012132249535376,1.2198006214753971,3,GreedySharpe
1102,-0.026169479634802158,1.1878790739531777,3,GreedySharpe
1103,-0.004836895487510165,1.1821334270206658,3,GreedySharpe
1104,0.007867439908708498,1.1914337907218264,3,GreedySharpe
1105,0.0007029114864929692,1.1922712632187207,3,GreedySharpe
1106,-0.006669523080246354,1.184319382510769,3,GreedySharpe
1107,0.009879134170503512,1.1960194325913207,3,GreedySharpe
1108,0.007634716337557526,1.205150701693362,3,GreedySharpe
1109,-0.0092863246089559,1.1939592810747264,3,GreedySharpe
1110,-0.010511483254193542,1.1814089980855205,3,GreedySharpe
1111,-0.003929684867545496,1.1767664330233616,3,GreedySharpe
1112,0.014700063325170027,1.1940649741077394,3,GreedySharpe
1113,0.004054966456483075,1.1989068675246075,3,GreedySharpe
1114,0.012585340240354962,1.213995518368903,3,GreedySharpe
1115,0.0007063738880817606,1.214853053103327,3,GreedySharpe
1116,-0.004348835880810391,1.2095698565560793,3,GreedySharpe
1117,0.0075163743281441275,1.2186614363739943,3,GreedySharpe
1118,-0.0024456895058839567,1.215680968887829,3,GreedySharpe
1119,0.022397744208296218,1.2429094802678724,3,GreedySharpe
1120,0.01831215606742552,1.2656698326482205,3,GreedySharpe
1121,-0.01110903600487285,1.25160946090705,3,GreedySharpe
1122,-0.005859596186373367,1.2442755348830903,3,GreedySharpe
1123,0.020344770477209773,1.2695900350506941,3,GreedySharpe
1124,-0.009261092641640326,1.2578322441191863,3,GreedySharpe
1125,-0.008765872532814184,1.246806246999574,3,GreedySharpe
1126,0.004299285950694412,1.2521666235805373,3,GreedySharpe
1127,0.003276538035835048,1.2562693951499022,3,GreedySharpe
1128,0.0109476910354963,1.270022644345353,3,GreedySharpe
1129,0.0016494844784620839,1.272117526984496,3,GreedySharpe
1130,4.826639397640525e-05,1.2721789275102378,3,GreedySharpe
1131,-0.0030714130087434225,1.2682715406028335,3,GreedySharpe
1132,-0.02404889728070262,1.2377710085988376,3,GreedySharpe
1133,0.004078216428944115,1.2428189066613762,3,GreedySharpe
1134,-0.0050506768119969216,1.2365418300279902,3,GreedySharpe
1135,-0.011015183204027662,1.2229210952307883,3,GreedySharpe
1136,0.006116389714635114,1.230400957239468,3,GreedySharpe
1137,-0.002034408122903093,1.2278978195376322,3,GreedySharpe
1138,0.017727488269657594,1.2496653637298238,3,GreedySharpe
1139,0.003937522610039174,1.2545859493544929,3,GreedySharpe
1140,0.003785406582292623,1.2593350672652313,3,GreedySharpe
1141,0.009853381329578848,1.2717437759047066,3,GreedySharpe
1142,-0.002163556430146523,1.2689922864808492,3,GreedySharpe
1143,0.014536839596042744,1.2874394237980369,3,GreedySharpe
1144,-0.010079394517770065,1.274462813927846,3,GreedySharpe
1145,-0.01840248603225107,1.2510095297959154,3,GreedySharpe
1146,0.008648918551421931,1.261829409326173,3,GreedySharpe
1147,-0.003846757561919669,1.256975457503995,3,GreedySharpe
1148,-0.008149055728997281,1.2467322944508132,3,GreedySharpe
1149,0.004671040558843579,1.252555831564213,3,GreedySharpe
1150,-0.0006894645278659696,1.2516922387491778,3,GreedySharpe
1151,0.0008386140563320993,1.2527419254547947,3,GreedySharpe
1152,-0.010383565765318984,1.2397339972848624,3,GreedySharpe
1153,0.011595493747895393,1.2541093250994326,3,GreedySharpe
1154,0.014275028326231912,1.2720117712394186,3,GreedySharpe
1155,0.013361533855679984,1.2890077995856577,3,GreedySharpe
1156,0.028576422222122998,1.325843030714227,3,GreedySharpe
1157,0.019524603103461637,1.3517295896664132,3,GreedySharpe
1158,-0.05358742725060932,1.2792938786176684,3,GreedySharpe
1159,0.029840353298583124,1.3174684599283344,3,GreedySharpe
1160,-0.008048399501475567,1.3068649474322376,3,GreedySharpe
1161,-0.0016753921105362938,1.3046754362097732,3,GreedySharpe
1162,-0.01564826863752295,1.2842595244991852,3,GreedySharpe
1163,0.0035214975833147977,1.2887820413110582,3,GreedySharpe
1164,-0.014148013145230148,1.2705483360492529,3,GreedySharpe
1165,0.0026180323378169343,1.2738746726797892,3,GreedySharpe
1166,-0.010165372255516692,1.2609252624251246,3,GreedySharpe
1167,0.017543888134924728,1.2830467941756116,3,GreedySharpe
1168,0.003217375610054458,1.2871748376377508,3,GreedySharpe
1169,-0.009954084515178875,1.2743621905180929,3,GreedySharpe
1170,0.0036679765435480185,1.2790365211408978,3,GreedySharpe
1171,-0.02269478737216539,1.2500090592523712,3,GreedySharpe
1172,-0.012685621555099818,1.2341519173862492,3,GreedySharpe
1173,0.018795320846612368,1.2573481986469854,3,GreedySharpe
1174,-0.020639955930542065,1.2313965872375652,3,GreedySharpe
1175,0.01448103303640424,1.2492284818982677,3,GreedySharpe
1176,0.007514987480769259,1.2586164183003534,3,GreedySharpe
1177,-0.005568468897648825,1.2516078519209777,3,GreedySharpe
1178,-0.0014750450012632353,1.2497616740154598,3,GreedySharpe
1179,-0.0005320596970117449,1.2490967261978463,3,GreedySharpe
1180,0.01810587160815248,1.2717127111485482,3,GreedySharpe
1181,-0.03626513823660757,1.225593873881495,3,GreedySharpe
1182,0.00486491119814568,1.2315562792429198,3,GreedySharpe
1183,-0.0035274388682930203,1.227212039755028,3,GreedySharpe
1184,0.00296816836645228,1.230854611710358,3,GreedySharpe
1185,-0.0005555846420258427,1.230170767791525,3,GreedySharpe
1186,-0.0066007909569571945,1.2220506677119736,3,GreedySharpe
1187,0.01685955223230878,1.2426538947747914,3,GreedySharpe
1188,-0.012890177447453757,1.2266358655653746,3,GreedySharpe
1189,0.013065402081407721,1.242662356356462,3,GreedySharpe
1190,-0.0032094483861999203,1.2386740956622624,3,GreedySharpe
1191,0.008784806001511745,1.2495556072917533,3,GreedySharpe
1192,-0.01191731265400746,1.2346642624410893,3,GreedySharpe
1193,-0.0016405208882872464,1.2326387699285328,3,GreedySharpe
1194,0.007648138585958932,1.2420661620673723,3,GreedySharpe
1195,-0.00917105173986784,1.2306751090307133,3,GreedySharpe
1196,0.010184943010884222,1.243209464881105,3,GreedySharpe
1197,0.011171200950849997,1.2570976076372904,3,GreedySharpe
1198,-0.002621250088443276,1.2538024404220893,3,GreedySharpe
1199,-0.001296520807556779,1.2521768594695166,3,GreedySharpe
1200,0.00041116455181608577,1.252691710206735,3,GreedySharpe
1201,-0.004203492145574132,1.247426030442055,3,GreedySharpe
1202,-0.004942036507352327,1.2412612054593888,3,GreedySharpe
1203,-0.00957318968849654,1.2293783764865542,3,GreedySharpe
1204,-0.01707028365496426,1.2083925388806493,3,GreedySharpe
1205,-0.02627461033941374,1.1766424957845054,3,GreedySharpe
1206,-0.0005292919818297289,1.1760197083460067,3,GreedySharpe
1207,-0.003793914905512543,1.1715579896453363,3,GreedySharpe
1208,0.02635432139998603,1.202433605443171,3,GreedySharpe
1209,-0.003768185928382156,1.1979026120513263,3,GreedySharpe
1210,-0.017020255601105205,1.1775140034089813,3,GreedySharpe
1211,0.000313591692826869,1.1778832620186377,3,GreedySharpe
1212,0.005764260519896838,1.1846728880029391,3,GreedySharpe
1213,0.03274159319962941,1.2234609657765614,3,GreedySharpe
1214,0.03283313912156481,1.2636310298757072,3,GreedySharpe
1215,-0.01312277206645745,1.2470486878945455,3,GreedySharpe
1216,-0.023472121459019682,1.2177778096269736,3,GreedySharpe
1217,0.03801419911398137,1.2640706577587213,3,GreedySharpe
1218,-0.0002049415384480863,1.2638115971734132,3,GreedySharpe
1219,0.0020218732651956827,1.2663668640539825,3,GreedySharpe
1220,0.013884198501927385,1.2839493529707713,3,GreedySharpe
1221,0.0007707716573105724,1.2849389847414634,3,GreedySharpe
1222,0.0005043093179934784,1.2855869914445217,3,GreedySharpe
1223,0.027988135765649822,1.3215681746996242,3,GreedySharpe
1224,0.0001781440522534142,1.3218036042095944,3,GreedySharpe
1225,-0.008562158333247758,1.3104861124648943,3,GreedySharpe
1226,-0.02517909843147058,1.2774892536460656,3,GreedySharpe
1227,0.0373774059745423,1.3252384881077095,3,GreedySharpe
1228,-0.00885709169834505,1.3135007292963634,3,GreedySharpe
1229,0.012454268251683075,1.3298594197278018,3,GreedySharpe
1230,0.006269546891468433,1.3381970357188462,3,GreedySharpe
1231,-0.0016467777290275927,1.3359933226433738,3,GreedySharpe
1232,-0.01734459953298107,1.3128210534833877,3,GreedySharpe
1233,-0.003016395712377213,1.3088610656865418,3,GreedySharpe
1234,0.028263549404376122,1.3458541250800378,3,GreedySharpe
1235,0.014964530839607706,1.3659942006404113,3,GreedySharpe
1236,-0.01750650648445019,1.3420804143091787,3,GreedySharpe
1237,0.01692362459912378,1.3647932794227837,3,GreedySharpe
1238,0.01720887342401593,1.388279834218318,3,GreedySharpe
1239,0.0008595731348841338,1.3894731622675136,3,GreedySharpe
1240,0.013875764501400144,1.4087531646481533,3,GreedySharpe
1241,-0.0036186173518182375,1.4036554260021286,3,GreedySharpe
1242,0.011030093715922926,1.4191378768957956,3,GreedySharpe
1243,-0.005108894089883657,1.4118876517837926,3,GreedySharpe
1244,-0.010238869400212052,1.3974315185094064,3,GreedySharpe
1245,-0.007981773073450858,1.3862775372429765,3,GreedySharpe
1246,-0.006668806966351908,1.3770327199453134,3,GreedySharpe
1247,-0.010449335658331966,1.362643642842099,3,GreedySharpe
1248,0.008370700997015623,1.3740499253418141,3,GreedySharpe
1249,-0.033995806942407766,1.327337989350664,3,GreedySharpe
1250,0.005873584098739133,1.3351342206585666,3,GreedySharpe
1251,-0.003548380623482336,1.3303966562602336,3,GreedySharpe
1252,-0.01612799898726647,1.3089400203354058,3,GreedySharpe
1253,-0.002309917987762448,1.3059164762375308,3,GreedySharpe
1254,0.01592401782057736,1.3267119134773226,3,GreedySharpe
1255,-0.001306206936154835,1.3249789531736593,3,GreedySharpe
1256,-0.005750120634861273,1.3173601643542585,3,GreedySharpe
1257,-0.012405834978808586,1.3010172115476235,3,GreedySharpe
1258,-0.01935352460412087,1.2758379429335518,3,GreedySharpe
1259,0.011677862383250782,1.2907370028544596,3,GreedySharpe
966,0.015913381300912365,1.0159133813009125,3,GA
967,-0.009284586675578917,1.0064810454573436,3,GA
968,-0.009180363335379135,0.997241183769873,3,GA
969,0.0009554992605827437,0.9981940469835877,3,GA
970,-0.006949050019207097,0.991257546622224,3,GA
971,-0.015422900861694684,0.9759694797522627,3,GA
972,0.0006237975288116092,0.9765782871019277,3,GA
973,0.006857380624327599,0.9832750561260394,3,GA
974,0.014123177513988549,0.9971620242887844,3,GA
975,-0.01757064998382529,0.9796412393828435,3,GA
976,0.027501749165260516,1.0065830870202954,3,GA
977,0.006138768997877986,1.0127622680686839,3,GA
978,0.0021715217979601143,1.0149615034099466,3,GA
979,-0.015595353670766435,0.9991328198020556,3,GA
980,0.011572414882251076,1.0106951993152784,3,GA
981,0.0022831405565242493,1.0130027585151196,3,GA
982,-0.0022579453081057873,1.0107154536894323,3,GA
983,-0.017069436657460253,0.9934631102739643,3,GA
984,0.0032959162976212287,0.9967374815302017,3,GA
985,-0.015926549121815677,0.980862893069056,3,GA
986,-0.0016962762179439875,0.9791990786704793,3,GA
987,0.03167543074178663,1.0102156312693273,3,GA
988,0.00025318866186897185,1.0104714064132077,3,GA
989,0.008875868905076703,1.0194402181488598,3,GA
990,0.015279673603840077,1.0350169319408018,3,GA
991,-0.0026620275037832447,1.032261688401094,3,GA
992,-0.006012347750213741,1.0260553721612038,3,GA
993,-0.04361025289204551,0.9813088379000119,3,GA
994,-0.015357583808643261,0.9662383051798001,3,GA
995,0.006631213152265452,0.9726456373373311,3,GA
996,-0.02493408096461481,0.9483936122660828,3,GA
997,-0.004854887681990625,0.9437892678002135,3,GA
998,-0.014121079003577987,0.9304619449868777,3,GA
999,-0.01555553894011424,0.9159881079693399,3,GA
1000,0.018481899299283216,0.9329173079401702,3,GA
1001,0.004356892547808592,0.9369819284068565,3,GA
1002,0.006802755101476466,0.9433559870003174,3,GA
1003,-0.0030540750660214373,0.9404749070020377,3,GA
1004,0.004954417863925881,0.9451344126818626,3,GA
1005,-0.004240025855451271,0.9411270183352147,3,GA
1006,0.0035080691757466897,0.944428557018699,3,GA
1007,0.001398051405257649,0.9457489166900044,3,GA
1008,0.007132504603754949,0.952494475192292,3,GA
1009,0.005382197657826954,0.9576209887257652,3,GA
1010,0.008025087497076618,0.9653059809493265,3,GA
1011,0.023464607553727194,0.9879565069615682,3,GA
1012,-0.0024910675155822163,0.9854954406002682,3,GA
1013,-0.025073407311367264,0.9607857120146023,3,GA
1014,0.010126862745827308,0.9705154570483261,3,GA
1015,-0.012414608996737277,0.9584668871237814,3,GA
1016,0.003634324849420937,0.9619502671490023,3,GA
1017,-0.004522390654848376,0.9575999522504188,3,GA
1018,0.007974435378996059,0.9652362711885696,3,GA
1019,0.0015673625649441723,0.9667491463863569,3,GA
1020,0.0035560167208003508,0.9701869225157264,3,GA
1021,0.023691552825239583,0.9931721572408643,3,GA
1022,0.017135419949795314,1.0101905792376307,3,GA
1023,0.012718421528321536,1.023038608848314,3,GA
1024,0.007816334157318517,1.031035020470911,3,GA
1025,-0.02065437327137585,1.0097396383022441,3,GA
1026,-0.014255827306380826,0.9953449643941998,3,GA
1027,0.002041541984707844,0.997377002928278,3,GA
1028,0.028969570663639532,1.0262705864928978,3,GA
1029,-0.002236629377832355,1.0239751995495425,3,GA
1030,-0.013495524702122869,1.0101561169496605,3,GA
1031,0.0057312311179888165,1.0159455551211491,3,GA
1032,-0.0074044289479032865,1.0084230584433165,3,GA
1033,-0.0012519524540608442,1.007160560720567,3,GA
1034,-0.005803251374994525,1.001315754811725,3,GA
1035,0.013348575751083664,1.0146818940155828,3,GA
1036,-0.0050125981235445115,1.0095957014576458,3,GA
1037,0.02863514572346032,1.0385056214906647,3,GA
1038,-0.007083498687804725,1.0311493682835577,3,GA
1039,-0.012529840435394062,1.0182292312339074,3,GA
1040,0.009734983117936582,1.028141675610159,3,GA
1041,-0.0015295722916304096,1.0265690585912752,3,GA
1042,0.004108359935851135,1.030786573782976,3,GA
1043,0.012565686215480099,1.0437391144242627,3,GA
1044,0.015810668317837655,1.0602413273727782,3,GA
1045,0.007647333568391918,1.0683493464661926,3,GA
1046,-0.01948060565837287,1.0475372541423045,3,GA
1047,0.017986398765811144,1.0663786769173507,3,GA
1048,0.01166037768539123,1.0788130550458548,3,GA
1049,0.0032397913127443596,1.0823081842096676,3,GA
1050,-0.010927254923988937,1.070481526774489,3,GA
1051,-0.01338575458284982,1.0561523237716113,3,GA
1052,0.00945118637773517,1.0661342162268548,3,GA
1053,0.02974296414658894,1.0978442079955417,3,GA
1054,-0.0013229696452045263,1.0963917934332001,3,GA
1055,-0.00011416329602121711,1.0962666257323312,3,GA
1056,0.0030088270781343475,1.0995651024406896,3,GA
1057,-0.011724610964964946,1.0866731293839207,3,GA
1058,0.018471862701296464,1.1067460062310888,3,GA
1059,-0.013011524912895447,1.0923455529987653,3,GA
1060,-0.021700716775590132,1.0686408715320637,3,GA
1061,0.013870030268155671,1.0834629527660016,3,GA
1062,0.024964219771866875,1.110510760033528,3,GA
1063,0.021441178319784933,1.1343214192654467,3,GA
1064,0.029548048439708704,1.167838403508101,3,GA
1065,-0.013866834522351844,1.1516441816178067,3,GA
1066,-0.007048277374386963,1.1435270739891654,3,GA
1067,0.03447057408865269,1.1829451087154892,3,GA
1068,0.002671075658768132,1.186104844601038,3,GA
1069,0.013254781455669029,1.201826405099735,3,GA
1070,0.028691735109790614,1.2363088899628085,3,GA
1071,0.015050423595644643,1.25491586245181,3,GA
1072,0.018583925266963622,1.2782371250559417,3,GA
1073,-0.010772386708875339,1.2644674604391979,3,GA
1074,-0.004260208321945569,1.2590805656414055,3,GA
1075,-0.013318627383156128,1.2423113407422541,3,GA
1076,0.017863340662727732,1.264503171431103,3,GA
1077,-0.017473399325719455,1.2424080025680486,3,GA
1078,0.02347135206072686,1.2715689981993876,3,GA
1079,-0.0059595524067398474,1.2639910161158328,3,GA
1080,-0.03004548507728788,1.2260137929032986,3,GA
1081,-0.005840554786873084,1.2188531921763848,3,GA
1082,-0.015000684403539402,1.2005695601063002,3,GA
1083,0.010714799114022809,1.21343342176525,3,GA
1084,0.004123151625876578,1.2184365917510944,3,GA
1085,0.012398444649850708,1.233543310393273,3,GA
1086,0.0073084088014738376,1.2425585491799502,3,GA
1087,-0.006600449522671081,1.2343571041971246,3,GA
1088,0.003298206865325317,1.2384282692724506,3,GA
1089,0.004546107101808727,1.2440582968224707,3,GA
1090,-0.00012620152301578893,1.2439012947706913,3,GA
1091,-0.0033602845680105005,1.239721432445745,3,GA
1092,0.016023396920996677,1.2595859810292898,3,GA
1093,0.0039907228473834875,1.2646126395820272,3,GA
1094,-0.006108098197546458,1.2568882613976018,3,GA
1095,-0.011199133025519508,1.2428122025599961,3,GA
1096,0.008914322058854469,1.2538910307922904,3,GA
1097,-0.01248964010066975,1.2382303830922368,3,GA
1098,0.014979097182777613,1.2567779563352435,3,GA
1099,-0.029939230466548977,1.219150991455244,3,GA
1100,-0.013934844234766233,1.2021623122906544,3,GA
1101,0.007012132249535373,1.2105920334098437,3,GA
1102,-0.026169479634802154,1.178911469845471,3,GA
1103,-0.004836895487510166,1.1732091982768014,3,GA
1104,0.007867439908708494,1.182439351144588,3,GA
1105,0.0007029114864929678,1.183270501346589,3,GA
1106,-0.006669523080246351,1.1753786514276832,3,GA
1107,0.009879134170503512,1.186990374826283,3,GA
1108,0.007634716337557524,1.1960527096334927,3,GA
1109,-0.009286324608955898,1.184945775922415,3,GA
1110,-0.010511483254193538,1.172490238241679,3,GA
1111,-0.003929684867545493,1.167882721095116,3,GA
1112,0.014700063325170029,1.185050671051586,3,GA
1113,0.00386023529632006,1.189625245479907,3,GA
1114,0.012786433793091176,1.2048363099198256,3,GA
1115,0.0015041856218545725,1.2066486073738953,3,GA
1116,-0.005422434159615578,1.2001056347466186,3,GA
1117,0.006784393388581911,1.2082476234805934,3,GA
1118,-0.0008854329368435752,1.2071778012389007,3,GA
1119,0.02231819509445457,1.2341198309206454,3,GA
1120,0.01866021870745515,1.2571487768768321,3,GA
1121,-0.012066967887174006,1.2419788029568593,3,GA
1122,-0.006310493523110707,1.2341413037649591,3,GA
1123,0.019271820506716886,1.257925453451043,3,GA
1124,-0.010422543958320573,1.244814670116159,3,GA
1125,-0.010080865567796395,1.2322658607698973,3,GA
1126,0.00404390067096093,1.237249021511067,3,GA
1127,0.0041399592444394204,1.2423711820353451,3,GA
1128,0.012599187016287948,1.2580240489014554,3,GA
1129,0.001090589170175774,1.259396036305008,3,GA
1130,-0.0017641923128870543,1.2571742194988784,3,GA
1131,-0.002478080133278761,1.254058841041468,3,GA
1132,-0.022652625115281096,1.2256511162428516,3,GA
1133,0.005450376164401769,1.2323313758726941,3,GA
1134,-0.005116903902566475,1.226025654646236,3,GA
1135,-0.011015183204027666,1.21252075744747,3,GA
1136,0.006116389714635111,1.2199370069371032,3,GA
1137,-0.002034408122903092,1.2174551571807601,3,GA
1138,0.017727488269657594,1.2390375791985162,3,GA
1139,0.003937522610039175,1.2439163176812984,3,GA
1140,0.003785406582292626,1.2486250466980704,3,GA
1141,0.009853381329578846,1.2609282254208498,3,GA
1142,-0.0021635564301465257,1.2582001360507873,3,GA
1143,0.014536839596042747,1.2764903896082769,3,GA
1144,-0.010079394517770068,1.263624139373273,3,GA
1145,-0.018402486032251072,1.2403703137984412,3,GA
1146,0.00864891855142193,1.2510981756160857,3,GA
1147,-0.003846757561919668,1.2462855042483307,3,GA
1148,-0.008149055728997283,1.2361294542199697,3,GA
1149,0.004671040558843573,1.2419034650366123,3,GA
1150,-0.0006894645278659691,1.2410472166504356,3,GA
1151,0.0008386140563321008,1.2420879762908905,3,GA
1152,-0.010383565765318986,1.229190674102762,3,GA
1153,0.011595493747895397,1.243443746879292,3,GA
1154,0.014275028326231917,1.2611939415880697,3,GA
1155,0.015197175005250406,1.2803605266339453,3,GA
1156,0.030629864706724512,1.3195777963405735,3,GA
1157,0.01982402661617365,1.3457371416973407,3,GA
1158,-0.054035136851169153,1.2730200510800238,3,GA
1159,0.030402090050807,1.3117225213094417,3,GA
1160,-0.007559513038744082,1.3018065378063886,3,GA
1161,-0.0009254569095445446,1.3006017719510854,3,GA
1162,-0.01753242213798061,1.2777990726518333,3,GA
1163,0.002991364168359781,1.2816214350121276,3,GA
1164,-0.010393906648819742,1.2683003814574851,3,GA
1165,0.0037278636649432876,1.2730284323657544,3,GA
1166,-0.011782005807461717,1.2580296039825571,3,GA
1167,0.018354205829749535,1.2811197382739712,3,GA
1168,0.004608033555049145,1.2870231810159733,3,GA
1169,-0.011484138466799404,1.2722428285952052,3,GA
1170,0.0018125609400190357,1.2745488462525363,3,GA
1171,-0.023101562648001072,1.2451047762328957,3,GA
1172,-0.011551054814881292,1.2307225027123592,3,GA
1173,0.01934810811912945,1.2545346547594833,3,GA
1174,-0.021742963110620725,1.2272573540400527,3,GA
1175,0.013233166033293262,1.2434978543716446,3,GA
1176,0.0014716966411917037,1.2453279059872524,3,GA
1177,-0.00024287122413413267,1.245025451674277,3,GA
1178,0.003376817482509329,1.2492296753856595,3,GA
1179,-0.0015000849735027108,1.2473557247211597,3,GA
1180,0.015555373595364637,1.2667588090255142,3,GA
1181,-0.04266279294582221,1.2127153402437623,3,GA
1182,0.003166695254432945,1.2165556401566902,3,GA
1183,-0.006467104604748134,1.2086880475743005,3,GA
1184,0.00700350636272891,1.2171531020060415,3,GA
1185,-0.004790863983484336,1.2113218870472544,3,GA
1186,-0.0035411555900481577,1.2070324077755894,3,GA
1187,0.019257332612038606,1.2302766323256338,3,GA
1188,-0.013957053530535384,1.2131055955108982,3,GA
1189,0.007905252715143998,1.2226955018135672,3,GA
1190,-0.002012547043123163,1.2202347695967524,3,GA
1191,0.014578205095736691,1.2380236023328828,3,GA
1192,-0.011826807558841846,1.2233817354347878,3,GA
1193,0.004143340018495313,1.228450621937111,3,GA
1194,0.015504995272283703,1.2474977430224798,3,GA
1195,-0.003976761543897161,1.2425367419719295,3,GA
1196,0.009303982985549316,1.2540972826781562,3,GA
1197,0.012232023548863881,1.2694374301724418,3,GA
1198,-0.004382365163800213,1.26387429180083,3,GA
1199,0.0005678199017163134,1.2645919447769822,3,GA
1200,-0.0016326423375438615,1.2625273184282224,3,GA
1201,-0.0027344199091848907,1.2590750385928224,3,GA
1202,-0.004846471749192827,1.2529729669881684,3,GA
1203,-0.0100299978142878,1.2404056508679153,3,GA
1204,-0.01607423608837437,1.2204670775905109,3,GA
1205,-0.0284262409552035,1.18577378636503,3,GA
1206,0.0033652146487725626,1.1897641696810362,3,GA
1207,-0.003462976866194296,1.1856440438852038,3,GA
1208,0.02686350962709264,1.217494604072419,3,GA
1209,-0.003156821621140465,1.2136511907826613,3,GA
1210,-0.014819433484760485,1.1956655676871573,3,GA
1211,0.0006149061271590837,1.1964007897707611,3,GA
1212,0.004727326430751685,1.2020565668460166,3,GA
1213,0.03374530024423135,1.2426203266047855,3,GA
1214,0.03246795510699561,1.2829656675840297,3,GA
1215,-0.012175916860606015,1.2673443842805148,3,GA
1216,-0.024770707665469297,1.235951367026028,3,GA
1217,0.03742002820074641,1.2822007020348931,3,GA
1218,-0.0003163817481700356,1.2817950371352784,3,GA
1219,0.002021873265195683,1.284386664252323,3,GA
1220,0.013884198501927385,1.3022193436520306,3,GA
1221,0.000770771657310572,1.3032230574137194,3,GA
1222,0.0005043093179934776,1.303880284944997,3,GA
1223,0.027988135765649826,1.3403734633821918,3,GA
1224,0.00017814405225341284,1.3406122429424916,3,GA
1225,-0.008562158333247756,1.3291337086549275,3,GA
1226,-0.025179098431470585,1.2956673201761195,3,GA
1227,0.03737740597454231,1.3440960036102896,3,GA
1228,-0.00885709169834505,1.3321912220549341,3,GA
1229,0.012454268251683076,1.3487826888969436,3,GA
1230,0.006269546891468434,1.3572389452113838,3,GA
1231,-0.0016467777290275953,1.3550038743434407,3,GA
1232,-0.017344599532981078,1.331501874777316,3,GA
1233,-0.0030163957123772157,1.3274855382312154,3,GA
1234,0.028263549404376132,1.3650049913246083,3,GA
1235,0.014964530839607708,1.385431650613504,3,GA
1236,-0.017506506484450193,1.3611775824382761,3,GA
1237,0.016923624599123784,1.3842136408562045,3,GA
1238,0.017208873424015936,1.408034398193495,3,GA
1239,0.0001102299931991439,1.4081896058156322,3,GA
1240,0.011789460497297474,1.4247914015461005,3,GA
1241,0.0006427119846390248,1.4257071320554848,3,GA
1242,0.0013515651646542606,1.4276340681501702,3,GA
1243,-0.005708903111907886,1.4194838435758421,3,GA
1244,-0.008740170263689688,1.4070773130964327,3,GA
1245,-0.007813350723077072,1.3960833245547253,3,GA
1246,-0.004835730519496455,1.3893322418144158,3,GA
1247,-0.004647361099405995,1.382875513199657,3,GA
1248,0.005407217351296074,1.3903530216693127,3,GA
1249,-0.035518412962468375,1.3409698888820463,3,GA
1250,0.0030693840273796798,1.345085840440178,3,GA
1251,-0.004083490342233709,1.3395931954012652,3,GA
1252,-0.015183240611399447,1.3192538295940943,3,GA
1253,-0.002059472270455262,1.3165368629143535,3,GA
1254,0.008073193325414235,1.3271655195286955,3,GA
1255,-0.0014662926417193618,1.325219506493067,3,GA
1256,-0.007520159419950464,1.3152536445378111,3,GA
1257,-0.012054544154198136,1.29939886140576,3,GA
1258,-0.023055135897253554,1.2694410440713138,3,GA
1259,0.014521350288239452,1.2878750421425418,3,GA
